# Resource object code (Python 3)
# Created by: object code
# Created by: The Resource Compiler for Qt version 6.6.3
# WARNING! All changes made in this file will be lost!

from PySide6 import QtCore

qt_resource_data = b"\
\x00\x00\x9b\xc0\
\xff\
\xd8\xff\xe0\x00\x10JFIF\x00\x01\x01\x01\x00x\x00\
x\x00\x00\xff\xe1\x00\x22Exif\x00\x00MM\x00\
*\x00\x00\x00\x08\x00\x01\x01\x12\x00\x03\x00\x00\x00\x01\x00\
\x01\x00\x00\x00\x00\x00\x00\xff\xdb\x00C\x00\x02\x01\x01\x02\
\x01\x01\x02\x02\x02\x02\x02\x02\x02\x02\x03\x05\x03\x03\x03\x03\
\x03\x06\x04\x04\x03\x05\x07\x06\x07\x07\x07\x06\x07\x07\x08\x09\
\x0b\x09\x08\x08\x0a\x08\x07\x07\x0a\x0d\x0a\x0a\x0b\x0c\x0c\x0c\
\x0c\x07\x09\x0e\x0f\x0d\x0c\x0e\x0b\x0c\x0c\x0c\xff\xdb\x00C\
\x01\x02\x02\x02\x03\x03\x03\x06\x03\x03\x06\x0c\x08\x07\x08\x0c\
\x0c\x0c\x0c\x0c\x0c\x0c\x0c\x0c\x0c\x0c\x0c\x0c\x0c\x0c\x0c\x0c\
\x0c\x0c\x0c\x0c\x0c\x0c\x0c\x0c\x0c\x0c\x0c\x0c\x0c\x0c\x0c\x0c\
\x0c\x0c\x0c\x0c\x0c\x0c\x0c\x0c\x0c\x0c\x0c\x0c\x0c\x0c\x0c\x0c\
\x0c\xff\xc0\x00\x11\x08\x027\x04\x00\x03\x01\x22\x00\x02\x11\
\x01\x03\x11\x01\xff\xc4\x00\x1f\x00\x00\x01\x05\x01\x01\x01\x01\
\x01\x01\x00\x00\x00\x00\x00\x00\x00\x00\x01\x02\x03\x04\x05\x06\
\x07\x08\x09\x0a\x0b\xff\xc4\x00\xb5\x10\x00\x02\x01\x03\x03\x02\
\x04\x03\x05\x05\x04\x04\x00\x00\x01}\x01\x02\x03\x00\x04\x11\
\x05\x12!1A\x06\x13Qa\x07\x22q\x142\x81\x91\
\xa1\x08#B\xb1\xc1\x15R\xd1\xf0$3br\x82\x09\
\x0a\x16\x17\x18\x19\x1a%&'()*4567\
89:CDEFGHIJSTUVW\
XYZcdefghijstuvw\
xyz\x83\x84\x85\x86\x87\x88\x89\x8a\x92\x93\x94\x95\x96\
\x97\x98\x99\x9a\xa2\xa3\xa4\xa5\xa6\xa7\xa8\xa9\xaa\xb2\xb3\xb4\
\xb5\xb6\xb7\xb8\xb9\xba\xc2\xc3\xc4\xc5\xc6\xc7\xc8\xc9\xca\xd2\
\xd3\xd4\xd5\xd6\xd7\xd8\xd9\xda\xe1\xe2\xe3\xe4\xe5\xe6\xe7\xe8\
\xe9\xea\xf1\xf2\xf3\xf4\xf5\xf6\xf7\xf8\xf9\xfa\xff\xc4\x00\x1f\
\x01\x00\x03\x01\x01\x01\x01\x01\x01\x01\x01\x01\x00\x00\x00\x00\
\x00\x00\x01\x02\x03\x04\x05\x06\x07\x08\x09\x0a\x0b\xff\xc4\x00\
\xb5\x11\x00\x02\x01\x02\x04\x04\x03\x04\x07\x05\x04\x04\x00\x01\
\x02w\x00\x01\x02\x03\x11\x04\x05!1\x06\x12AQ\x07\
aq\x13\x222\x81\x08\x14B\x91\xa1\xb1\xc1\x09#3\
R\xf0\x15br\xd1\x0a\x16$4\xe1%\xf1\x17\x18\x19\
\x1a&'()*56789:CDEF\
GHIJSTUVWXYZcdef\
ghijstuvwxyz\x82\x83\x84\x85\
\x86\x87\x88\x89\x8a\x92\x93\x94\x95\x96\x97\x98\x99\x9a\xa2\xa3\
\xa4\xa5\xa6\xa7\xa8\xa9\xaa\xb2\xb3\xb4\xb5\xb6\xb7\xb8\xb9\xba\
\xc2\xc3\xc4\xc5\xc6\xc7\xc8\xc9\xca\xd2\xd3\xd4\xd5\xd6\xd7\xd8\
\xd9\xda\xe2\xe3\xe4\xe5\xe6\xe7\xe8\xe9\xea\xf2\xf3\xf4\xf5\xf6\
\xf7\xf8\xf9\xfa\xff\xda\x00\x0c\x03\x01\x00\x02\x11\x03\x11\x00\
?\x00\xfcs\xa2\x8a+\xeb\x0f<(\xa2\x8a\x00(\xa2\
\x8a\x00(\xa2\x8a\x00(\xa2\x8a\x00(\xa2\x8a\x00(\xa2\
\x8a\x00(\xa2\x8a\x00(\xa2\x8a\x00(\xa2\x8a\x00(\xa2\
\x8a\x00(\xa2\x8a\x00(\xa2\x8a\x00(\xa2\x8a\x00(\xa2\
\x8a\x00(\xa2\x8a\x00(\xa2\x8a\x00(\xa2\x8a\x00(\xa2\
\x8a\x00(\xa2\x8a\x00(\xa2\x8a\x00(\xa2\x8a\x00(\xa2\
\x8a\x00(\xa2\x8a\x00(\xa2\x8a\x00(\xa2\x8a\x00(\xa2\
\x8a\x00(\xa2\x8a\x00(\xa2\x8a\x00(\xa2\x8a\x00(\xa2\
\x8a\x00(\xa2\x8a\x00(\xa2\x8a\x00(\xa2\x8a\x00(\xa2\
\x8a\x00(\xa2\x8a\x00(\xa2\x8a\x00(\xa2\x8a\x00(\xa2\
\x8a\x00(\xa2\x8a\x00(\xa2\x8a\x00(\xa2\x8a\x00(\xa2\
\x8a\x00(\xa2\x8a\x00(\xa2\x8a\x00(\xa2\x8a\x00(\xa2\
\x8a\x00(\xa2\x8a\x00(\xa2\x8a\x00(\xa2\x8a\x00(\xa2\
\x8a\x00(\xa2\x8a\x00(\xa2\x8a\x00(\xa2\x8a\x00(\xa2\
\x8a\x00(\xa2\x8a\x00(\xa2\x8a\x00(\xa2\x8a\x00(\xa2\
\x8a\x00(\xa2\x8a\x00(\xa2\x8a\x00(\xa2\x8a\x00(\xa2\
\x8a\x00(\xa2\x8a\x00(\xa2\x8a\x00(\xa2\x8a\x00(\xa2\
\x8a\x00(\xa2\x8a\x00(\xa2\x8a\x00(\xa2\x8a\x00(\xa2\
\x8a\x00(\xa2\x8a\x00(\xa2\x8a\x00(\xa2\x8a\x00(\xa2\
\x8a\x00(\xa2\x8a\x00(\xa2\x8a\x00(\xa2\x8a\x00(\xa2\
\x8a\x00(\xa2\x8a\x00(\xa2\x8a\x00(\xa2\x8a\x00(\xa2\
\x8a\x00(\xa2\x8a\x00(\xa2\x8a\x00(\xa2\x8a\x00(\xa2\
\x8a\x00(\xa2\x8a\x00(\xa2\x8a\x00(\xa2\x8a\x00(\xa2\
\x8a\x00(\xa2\x8a\x00(\xa2\x8a\x00(\xa2\x8a\x00(\xa2\
\x8a\x00(\xa2\x8a\x00(\xa2\x8a\x00(\xa2\x8a\x00(\xa2\
\x8a\x00(\xa2\x8a\x00(\xa2\x8a\x00(\xa2\x8a\x00(\xa2\
\x8a\x00(\xa2\x8a\x00(\xa2\x8a\x00(\xa2\x8a\x00(\xa2\
\x8a\x00(\xa2\x8a\x00(\xa2\x8a\x00(\xa2\x8a\x00(\xa2\
\x8a\x00(\xa2\x8a\x00(\xa2\x8a\x00(\xa2\x8a\x00(\xa2\
\x8a\x00(\xa2\x8a\x00(\xa2\x8a\x00(\xa2\x8a\x00(\xa2\
\x8a\x00(\xa2\x8a\x00(\xa2\x8a\x00(\xa2\x8a\x00(\xa2\
\x8a\x00(\xa2\x8a\x00(\xa2\x8a\x00(\xa2\x8a\x00(\xa2\
\x8a\x00(\xa2\x8a\x00(\xa2\x8a\x00(\xa2\x8a\x00(\xa2\
\x8a\x00(\xa2\x8a\x00(\xa2\x8a\x00(\xa2\x8a\x00(\xa2\
\x8a\x00(\xa2\x8a\x00(\xa2\x8a\x00(\xa2\x8a\x00(\xa2\
\x8a\x00(\xa2\x8a\x00(\xa2\x8a\x00(\xa2\x8a\x00(\xa2\
\x8a\x00(\xa2\x8a\x00(\xa2\x8a\x00(\xa2\x8a\x00(\xa2\
\x8a\x00(\xa2\x8a\x00(\xa2\x8a\x00(\xa2\x8a\x00(\xa2\
\x8a\x00(\xa2\x8a\x00(\xa2\x8a\x00(\xa2\x8a\x00(\xa2\
\x8a\x00(\xa2\x8a\x00(\xa2\x8a\x00(\xa2\x8a\x00(\xa2\
\x8a\x00(\xa2\x8a\x00(\xa2\x8a\x00(\xa2\x8a\x00(\xa2\
\x8a\x00(\xa2\x8a\x00(\xa2\x8a\x00(\xa2\x8a\x00(\xa2\
\x8a\x00(\xa2\x8a\x00(\xa2\x8a\x00(\xa2\x8a\x00(\xa2\
\x8a\x00(\xa2\x8a\x00(\xa2\x8a\x00(\xa2\x8a\x00(\xa2\
\x8a\x00(\xa2\x8a\x00(\xa2\x8a\x00(\xa2\x8a\x00(\xa2\
\x8a\x00(\xa2\x8a\x00(\xa2\x8a\x00(\xa2\x8a\x00(\xa2\
\x8a\x00(\xa2\x8a\x00(\xa2\x8a\x00(\xa2\x8a\x00(\xa2\
\x8a\x00(\xa2\x8a\x00(\xa2\x8a\x00(\xa2\x8a\x00(\xa2\
\x8a\x00(\xa2\x8a\x00(\xa2\x8a\x00(\xa2\x8a\x00(\xa2\
\x8a\x00(\xa2\x8a\x00(\xa2\x8a\x00(\xa2\x8a\x00(\xa2\
\x8a\x00(\xa2\x8a\x00(\xa2\x8a\x00(\xa2\x8a\x00(\xa2\
\x8a\x00(\xa2\x8a\x00(\xa2\x8a\x00(\xa2\x8a\x00(\xa2\
\x8a\x00(\xa2\x8a\x00(\xa2\x8a\x00(\xa2\x8a\x00(\xa2\
\x8a\x00(\xa2\x8a\x00(\xa2\x8a\x00(\xa2\x8a\x00(\xa2\
\x8a\x00(\xa2\x8a\x00(\xa2\x8a\x00(\xa2\x8a\x00+\xb0\
\xf8\x07\xe1{\x0f\x1a|^\xd0\xf4\xbdR\xdf\xed67\
\x93\xb2K\x17\x98\xd1\xee]\x8c\xdfyY[\xf8k\x8f\
\xae\xfb\xf6Z\xff\x00\x92\xfd\xe1\x9f\xfa\xf8\x7f\xfd\x14\xf5\
\xdb\x96\xc62\xc5\xd3RZ]~g\xa7\x92S\x8c\xf1\
\xf4aQ^.q\xfc\xd1\xf4\xd7\xfc2o\xc3\x9f\xfa\
\x16\xff\x00\xf2\xa3u\xff\x00\xc7h\xff\x00\x86M\xf8s\
\xff\x00B\xdf\xfeTn\xbf\xf8\xedz\x14\x96\x17\x1b\x9b\
\xe4\xff\x00\xc7\x96\x93\xfb>\xe3\xfb\xbf\xaa\xd7\xec\xbf\xd9\
\xb8\x1f\xf9\xf3\x0f\xfc\x05\x7f\x91\xfd3\xfd\x85\x94\xff\x00\
\xcf\x88\x7f\xe0+\xfc\x8f>\xff\x00\x86M\xf8s\xff\x00\
B\xdf\xfeTn\xbf\xf8\xed\x1f\xf0\xc9\xbf\x0e\x7f\xe8[\
\xff\x00\xca\x8d\xd7\xff\x00\x1d\xafA\xfe\xcf\xb8\xfe\xef\xea\
\xb4\x7fg\xdc\x7fw\xf5Z\x7f\xd9\xb8\x1f\xf9\xf3\x0f\xfc\
\x05\x7f\x90\xff\x00\xb0\xb2\x9f\xf9\xf1\x0f\xfc\x05\x7f\x91\xc0\
\xc7\xfb%\xfc9\x92E_\xf8F\xff\x00\xf2\xa3u\xff\
\x00\xc7k\xe4\xef\x03xOO\xf1'\xc4\xef\xec\xbb\xe7\
\xb8\x87MW\xb8g6\xec\xab\x22\xa2#\xb7\xca\xcc\xad\
\xfd\xda\xfb\xce\xce\xceh\xae\x11\x996\xaf\xfb\xd5\xf0&\
\x9b\xe2o\xf8D<wy}\xe4\xfd\xa3k]E\xb3\
\x7f\x97\xf7\xd5\xd3v\xed\xbf\xc3\xbbu|?\x1bah\
Q\xa7O\xd8EE\xbb\xec\x92\xec~]\xe2f\x03\x07\
\x86\x85\x07\x86\xa7\x18\xdd\xbb\xf2\xa4\xbbv:-7\xe0\
\xdd\xb4v~,mB\xe6\xe2\x19\xb4}\xe9bQ\x95\
c\x98\xa3+3\xbf\xca\xdf\xbb\xda\xc9\xf7\x7f\xbf\x5c\xbf\
\x89<\x05y\xe1x\xef\x1e\xe9\xed\xf6\xd9\xde\xb5\x87\xc8\
\xcc\xdes\xaa\xeefN>e\xdb\xb7\xfe\xfbZ\xdd\xd4\
\xbe6I\xaaip\xda\xb6\x9f\x1cj\xbaC\xe9\xae\xe2\
\x7f\xf5\xd2\xb6\xc5k\x86\xf9~\xf6\xd8\x91v\xff\x00\xb3\
\xf7\xaa\x8f\xc5/\x18C\xe2/\xec\x9b;y\xa3\xb9\x8f\
K\xb2H\xa5\xb8\x89\x1e5\xba\x9bj\xab\xbe\xd7Uo\
\xba\xa8\xbb\x99Wv\xca\xfc\xf2\x9f=\xfd\xe3\xf2]\x0d\
\x99>\x19\xd9\xe9\xff\x00\x0f\xf4\x9d[\xfe\x11\xef\x16j\
\xcbyf\xf7W\x17v\x97\x0b\x1d\xad\xab+\xba\xedo\
\xf4w\xfe\x15V\xf9\x9f\xf8\xab>\xfb\xe0\xed\xcf\xd9\xee\
.\x96\xea\xc6\xd68~\xc9\x12G<\xef$\x97\x13O\
\x02\xca\x88\x8c\xb1*\xfc\xdf7\xde\xda\xab\xfd\xe6\xfb\xd5\
\x87\xe2O\x16\x7f\xc2A\xa3\xe8\x96\xbfg\xf2\x7f\xb1\xed\
M\xae\xfd\xfb\xbc\xed\xd2\xbb\xee\xfb\xbf/\xdf\xdb\xff\x00\
\x01\xad_\x10\xfcP]\x7fKkW\xd3WcOi\
++\xce\xcc\xac\xb0[\xf9[[j\xab|\xdf{\xe5\
o\x97\xff\x00\x1e\xaa\xe4\x98h_\xd0\xfe\x0f\xda\xcd\xe2\
K\x9b\x1b\xcf\x10\xe9,\xb6\xf6\xb7n\xe6\xdd\xa7\xdd\x0c\
\xd0&\xed\x8e\xad\x0e\xed\xbb\xbf\x89Wk*\xb6\xd6\xdd\
\x5c\xf7\x84\xfc\x12\xfe(\x8e\xf2\xe1\xaf\xact\xfb\x1b\x1d\
\x8b-\xc5\xcb:\xc7\xb9\xdbj\x22\xedVff\xe7\xf8\
\x7f\x87\xe6\xdb]-\xe7\xc6\xc8n\xb5KW{\x1dR\
\xe6\xd6\xde\xde\xea\xdd\x85\xe6\xa9\xf6\x9b\x9d\x93\xc5\xb3b\
L\xd1|\xb1\xa7\xdeUeo\x99\x9b\xfb\xd5\xcf\xf8G\
\xc6\x16\xda\x16\x9b\xa8i\xf7\xf6\x13_\xe9\xfa\x83E+\
G\x1d\xd7\x91$r\xa33#n\xd8\xdf\xc2\xcc\xac\xbb\
\x7f\x8b\xf8h\x8f?(hok\x1f\x05\xd1\xbcq\xaa\
iV\x1a\xc6\x97\x0b[\xde=\xad\x95\xbd\xdc\xcc\xd77\
L\xab\xbb\xfeY#*\xff\x00\xbc\xfb\x15\xbf\x87\xf8\xaa\
\xae\xa9\xf0\xbe\xc6\xdfM\xd0\xe6M{K\xb5\xfe\xd0\xd3\
\x9a\xf6\xe9\xee\xdeUX[\xcdd\xda\xaa\xb1no\xbb\
\xb7j+\xb6\xe5f\xfb\xbf5t\x1ao\xed0\xda~\
\xa1=\xcaiw\x96\xed6\xa3-\xebEi\xaa4\x10\
L\xae\xaa\xbb&]\x9f\xbd\xdb\xb7\xe5\xf9\x97n\xef\x99\
Z\xb2\xbc7\xf1\xb2\x1d\x07O\xb5\x8f\xfb?P\x8e\xe2\
\xde\xc1\xb4\xe3wc\xa9}\x9au_?\xcdV\x89\xfc\
\xa6\xd8\xdf3+}\xed\xcb\xfd\xda\x8f\xde\x95\xee\x99\xf3\
|\x1d\xba\xb1\xb8\xbcK\xcdWE\xb1\x86\xdet\xb7\x8a\
\xe2ye\xf2\xae\x9d\xd3zleF\xda\xad\x1e\xd6\xdc\
\xfb\x17\xe6\xf9\xaa\x0b?\x84\xd7\xd7\x9a\x1a\xde5\xf6\x9b\
o$\x96\xadz\x96r;\xf9\xedj\xad\xb5\xa7]\xa8\
\xcb\xb5v\xb3m\xdd\xbbj\xb3*\xd6\xea|xF\xf1\
F\xa1\xab>\x9f\xa9%\xcd\xf7\x95\xb8A\xab<q\xcd\
\xb2%M\x97\x0a\xc8\xdetL\xcb\xbbkmo\x99\x97\
sUo\xf8^72x\x1dt\x99\x13TY#\xb3\
k$\x10j\xd2\xc1c\xb1\x9bv\xe7\xb7E\xf9\xa4U\
f_\xbd\xb7\xee\xeeV\xa7\xfb\xc0\xf7LO\x8a\x1e\x12\
\xb5\xf0?\x8e/4\xbb;\xaf\xb6[\xdb\xed\xdb'\xcd\
\xbb\xe6Um\xad\xb9\x17\xe6\xff\x00\x80\xd7=[^<\
\xf1D~4\xf1E\xc6\xa5\x1d\xb4\x96mp\xa8\xcf\x1b\
\xcf\xe6\xfc\xea\xaa\xac\xca\xdbW\xe5\xf9~\xef\xfe=X\
\xb5\xb5;\xd9\x5c\xcc(\xa2\x8a\xa0\x0a(\xa2\x80\x0a(\
\xa2\x80\x0a(\xa2\x80\x0a(\xa2\x80\x0a(\xa2\x80\x0a(\
\xa2\x80\x0a(\xa2\x80\x0a(\xa2\x80\x0a(\xa2\x80\x0a(\
\xa2\x80\x0a(\xa2\x80\x0a(\xa2\x80\x0a(\xa2\x80\x0a(\
\xa2\x80\x0a(\xa2\x80\x0a(\xa2\x80\x0a(\xa2\x80\x0a(\
\xa2\x80\x0a(\xa2\x80\x0a(\xa2\x80\x0a(\xa2\x80\x0a(\
\xa2\x80\x0a(\xa2\x80\x0a(\xa2\x80\x0a(\xa2\x80\x0a(\
\xa2\x80\x0a(\xa2\x80\x0a(\xa2\x80\x0a(\xa2\x80\x0a(\
\xa2\x80;H\xfc7\xe1\xfdS\xc0\xdfl\x86\xc7\x5c\xb3\
\xd4.\xae\x92\xca\xcb\xcc\xd4b\x9e;\x89~_5\xb6\
,(\xca\xaa\xac\xbf\xc5\xf7\x9di\xdf\x10>\x1f\xe9z\
\x1e\x8f}s\xa5\xc9|\xcd\xa3\xea_\xd97\x9fi\x91\
Yn\x1fk2\xca\x9bUv.\xe4\x7f\x91\xb7\x7f\x0f\
\xcdX:\xa7\x8b\x1e\xfbK\xd1-a\x87\xec\xeb\xa2\xa3\
\xaa\x9d\xfb\xbc\xc7iY\xd9\xfe\xef\xcb\xfc+\xff\x00\x01\
\xadO\x1c|L\x8f\xc5\xba\x5c\xd6\xd6\xbaki\xff\x00\
\xda\x17\xbf\xdaW\xe7\xed\x1eo\x9d>\xdd\xbf'\xca\xbb\
#]\xcf\xf2\xb6\xe6\xf9\xbe\xf5c\xcb>b\xb49:\
)\x92E\xfb\xb6\xfb\xdfw\xfb\xd4,xU\xfb\xdf\xf7\
\xd5lH\xfa)6\x7f\xbd\xff\x00}Q\xb3\xfd\xef\xfb\
\xea\x80\x16\x8aM\x9f\xef\x7f\xdfTl\xff\x00{\xfe\xfa\
\xa0\x05\xa2\x93g\xfb\xdf\xf7\xd5\x1b?\xde\xff\x00\xbe\xa8\
\x01h\xa4\xd9\xfe\xf7\xfd\xf5F\xcf\xf7\xbf\xef\xaa\x00Z\
)6\x7f\xbd\xff\x00}Q\xb3\xfd\xef\xfb\xea\x80\x16\x8a\
M\x9f\xef\x7f\xdfTl\xff\x00{\xfe\xfa\xa0\x05\xa2\x93\
g\xfb\xdf\xf7\xd5\x1b?\xde\xff\x00\xbe\xa8\x01h\xa4\xd9\
\xfe\xf7\xfd\xf5F\xcf\xf7\xbf\xef\xaa\x00Z)6\x7f\xbd\
\xff\x00}SQ>\xf7\xde\xfb\xdf\xde\xa0\x07\xd1I\xb3\
\xfd\xef\xfb\xea\x8d\x9f\xef\x7f\xdfT\x00\xb4Rl\xff\x00\
{\xfe\xfa\xa3g\xfb\xdf\xf7\xd5\x00-\x14\x9b?\xde\xff\
\x00\xbe\xa8\xd9\xfe\xf7\xfd\xf5@\x0bE&\xcf\xf7\xbf\xef\
\xaa6\x7f\xbd\xff\x00}P\x02\xd1I\xb3\xfd\xef\xfb\xea\
\x8d\x9f\xef\x7f\xdfT\x00\xb4Rl\xff\x00{\xfe\xfa\xa3\
g\xfb\xdf\xf7\xd5\x00-\x14\x9b?\xde\xff\x00\xbe\xa8\xd9\
\xfe\xf7\xfd\xf5@\x0bE&\xcf\xf7\xbf\xef\xaa6\x7f\xbd\
\xff\x00}P\x02\xd1I\xb3\xfd\xef\xfb\xea\x9b\xe5\xfe\xf3\
\xf8\xbe\xef\xf7\xa8\x01\xf4Rl\xff\x00{\xfe\xfa\xa3g\
\xfb\xdf\xf7\xd5\x00-\x14\x9b?\xde\xff\x00\xbe\xa8\xd9\xfe\
\xf7\xfd\xf5@\x0bE&\xcf\xf7\xbf\xef\xaa6\x7f\xbd\xff\
\x00}P\x02\xd1I\xb3\xfd\xef\xfb\xea\x8d\x9f\xef\x7f\xdf\
T\x06\xdb\x0bE&\xcf\xf7\xbf\xef\xaa6\x7f\xbd\xff\x00\
}Us\xcb\xb9\xa7\xb5\x9fv-\x14\x9b?\xde\xff\x00\
\xbe\xa8\xd9\xfe\xf7\xfd\xf5G<\xbb\x87\xb5\x9fv-\x14\
\x9b?\xde\xff\x00\xbe\xa8\xd9\xfe\xf7\xfd\xf5I\xc9\xbd\xc9\
\x94\xa4\xf7b\xd1I\xb3\xfd\xef\xfb\xea\x8d\x9f\xef\x7f\xdf\
T\x89\x16\x8aM\x9f\xef\x7f\xdfT\xd6\x8f\xee\xfd\xef\xbd\
\xfd\xea\x00}\x14\x9b?\xde\xff\x00\xbe\xa8\xd9\xfe\xf7\xfd\
\xf5@\x0bE&\xcf\xf7\xbf\xef\xaa6\x7f\xbd\xff\x00}\
P\x02\xd1I\xb3\xfd\xef\xfb\xea\x8d\x9f\xef\x7f\xdfT\x00\
\xb4Rl\xff\x00{\xfe\xfa\xa3g\xfb\xdf\xf7\xd5\x00-\
\x14\x9b?\xde\xff\x00\xbe\xa8\xd9\xfe\xf7\xfd\xf5@\x0bE\
&\xcf\xf7\xbf\xef\xaa6\x7f\xbd\xff\x00}P\x02\xd1I\
\xb3\xfd\xef\xfb\xea\x8d\x9f\xef\x7f\xdfT\x00\xb4Rl\xff\
\x00{\xfe\xfa\xa3g\xfb\xdf\xf7\xd5\x00-\x14\x9b?\xde\
\xff\x00\xbe\xa8\xd9\xfe\xf7\xfd\xf5@\x0bE24\xfd\xda\
\xfd\xef\xfb\xea\x9d\xb3\xfd\xef\xfb\xea\x80\x16\x8aM\x9f\xef\
\x7f\xdfTl\xff\x00{\xfe\xfa\xa0\x05\xa2\x93g\xfb\xdf\
\xf7\xd5\x1b?\xde\xff\x00\xbe\xa8\x01h\xa4\xd9\xfe\xf7\xfd\
\xf5F\xcf\xf7\xbf\xef\xaa\x00Z)6\x7f\xbd\xff\x00}\
Q\xb3\xfd\xef\xfb\xea\x80\x16\x8aM\x9f\xef\x7f\xdfTl\
\xff\x00{\xfe\xfa\xa0\x05\xa2\x93g\xfb\xdf\xf7\xd5\x1b?\
\xde\xff\x00\xbe\xa8\x01h\xa4\xd9\xfe\xf7\xfd\xf5F\xcf\xf7\
\xbf\xef\xaa\x00Z)6\x7f\xbd\xff\x00}Q\xb3\xfd\xef\
\xfb\xea\x80\x16\x8ab\xa7\xcc\xdf{\xfe\xfa\xa7l\xff\x00\
{\xfe\xfa\xa0\x05\xa2\x93g\xfb\xdf\xf7\xd5\x1b?\xde\xff\
\x00\xbe\xa8\x01h\xa4\xd9\xfe\xf7\xfd\xf5F\xcf\xf7\xbf\xef\
\xaa\x00Z)6\x7f\xbd\xff\x00}Q\xb3\xfd\xef\xfb\xea\
\x80\x16\x8aM\x9f\xef\x7f\xdfTl\xff\x00{\xfe\xfa\xa0\
\x05\xa2\x93g\xfb\xdf\xf7\xd5\x1b?\xde\xff\x00\xbe\xa8\x01\
h\xa4\xd9\xfe\xf7\xfd\xf5F\xcf\xf7\xbf\xef\xaa\x00Z)\
6\x7f\xbd\xff\x00}Q\xb3\xfd\xef\xfb\xea\x80\x16\x8aM\
\x9f\xef\x7f\xdfTl\xff\x00{\xfe\xfa\xa0\x05\xa2\x99\xb7\
d\x8b\xfe4\xfa\x00(\xa2\x8a\x00(\xa2\x8a\x00(\xa2\
\x8a\x00(\xa2\x8a\x00(\xa2\x8a\x00(\xa2\x8a\x00(\xa2\
\x8a\x00(\xa2\x8a\x00l\xff\x00\xea\xdf\xfd\xda#\xfb\x82\
\x89\xff\x00\xd5\xbf\xfb\xb4G\xf7\x05\x00:\x8a(\xa0\x02\
\x8a(\xa0\x02\x8a(\xa0\x02\x8a(\xa0\x02\x8a(\xa0\x02\
\x8a(\xa0\x02\x8a(\xa0\x02\x8a(\xa0\x02\x92/\xe2\xff\
\x00z\x96\x92/\xe2\xff\x00z\x80\x16\x8a(\xa3m\xc7\
f\xb7\x0a(\xa2\x81\x05\x14Q@\x05\x14Q@\x05\x14\
Q@\x05\x14Q@\x05\x14Q@\x05\x14Q@\x05'\
\xfc\xb6\xff\x00\x80\xd2\xd2\x7f\xcbo\xf8\x0d\x00-\x14Q\
@\x05\x14Q@\x05\x14Q@\x05\x14Q@\x05\x14Q\
@\x05\x14Q@\x05\x14Q@\x05\x14Q@\x05$\xbf\
\xc3\xfe\xf5-$\xbf\xc3\xfe\xf5\x00-\x14Q@\x05\x14\
Q@\x05\x14Q@\x05\x14Q@\x05\x14Q@\x05\x14\
Q@\x05\x14Q@\x05\x14Q@\x05\x14Q@\x0d\x8f\
\xee\x0au6?\xb8)\xd4\x00QE\x14\x00QE\x14\
\x00QE\x14\x00QE\x14\x00QE\x14\x00QE\x14\
\x00QE\x14\x00QE\x14\x00\xd5\xeai\xd4\xd5\xeai\
\xd4\x00QE\x14\x00QE\x14\x00QE\x14\x00QE\
\x14\x00QE\x14\x00QE\x14\x00QE\x14\x00QE\
\x14\x00\x83\xfdb\xd2\xd2\x0f\xf5\x8bK@\x05\x14Q@\
\x05\x14Q@\x05\x14Q@\x05\x14Q@\x05\x14Q@\
\x05\x14Q@\x05\x14Q@\x05\x14Q@\x0d\x9f\xfd[\
\xff\x00\xbbD\x7fpQ?\xfa\xb7\xff\x00v\x88\xfe\xe0\
\xa0\x07QE\x14\x00QE\x14\x00QE\x14\x00QE\
\x14\x00QE\x14\x00QE\x14\x00QE\x14\x00QE\
hxO\xc2z\x8f\x8e<Am\xa5\xe9V\xf2^_\
]6\xd4\x8d?\xf4&\xfe\xea\xaf\xf7\xaa\xe3\x09N\x5c\
\xb1\xdc\xaat\xeaT\xa8\xa9\xd3\x5c\xd2\x91\xf4\xe7\xfc\x11\
\x9f\xf6X\xf0\x8f\xedw\xfbm\xd9\xf8w\xc6\xba]\xd7\
\x88\xb4M/C\xd4\xb5\xef\xec\x0bk\xb7\xb6\x93\xc4s\
Z\xdb\x97\x8a\xc8J\x9f2\xefm\xbb\xb6\xfc\xdbU\xab\
\xec\x8f\xda\x93\xf6(\xf87\xe2\x7f\xd8\xe2\xcf\xe2\xca\xfc\
\x0d\xb7\xf8C\xe2\xad3\xc5)\xe1\xc7\xd1\xed\xb5+\xf6\
\xb0\xd5\xe26\xef.\xf0\x97\x1bK<l6\x97U\xda\
\xdb\x1b?\xec\xfc\xad\xf0\x1fF\x93\xf6Q\xb8\xb4\xbe\xf0\
\xbe\xa9qk\xe3(\x0a\xc9>\xbbe)\x8a[w\xfe\
\xe4.\xbf2\xc6\xbf\xf8\xf7\xf1\x7fu{\xff\x00\x8d\x9f\
\xb5G\xc4/\xda9\xec\xff\x00\xe19\xf1\x86\xb9\xe2d\
\xd3\xf3\xf6h\xaf'&(3\xf2\x96\x09\xf7C\x1e\xed\
\xb7sW\xd5\xe0\xf8n\xad:\xb0\xabR\xcfo\x97\x95\
\xb6w\xfc\x0f\xd52~\x0fx^J\x98\x84\x9b\xd1\xbe\
\xb6\xf2\xec\xfc\xfbt89<)\xe13\x1a\xc7\xff\x00\
\x08o\x86|\xb5]\xbf\xf1\xe4\x9eg\xfd\xf5\x5c\x7f\x8c\
?e\x9f\x08\xf8\xba7m&K\x8f\x0c\xdf\xb7\xcc\x88\
\xee\xd3\xda\xb7\xfb\xdb\xbee\xff\x00\xbe\xab\xb0\xf3\x7f\xce\
h\xf3\x7f\xcek\xeb+ap\xf5#\xcbR\x9a\x7f#\
\xec\xb1X\x0c\x16\x22\x1c\x95\xe9&\xbd-\xf8\xadO\x96\
>&|$\xd7>\x12\xea\x8bo\xacZ\xecI>h\
.\x22o2\x0b\x85\xff\x00e\xbf\xf6_\xbd\x5c\xc5}\
\xa5y%\x9f\x884I\xb4\x9db\xd6=KJ\xb8\xfb\
\xf1?\xde\x8f\xfd\xa4o\xe1j\xf9\xcb\xe3\xc7\xc0+\x8f\
\x84\xd7\x91\xde\xd8\xca\xda\x87\x87o\x9bm\xbd\xdf\xf1B\
\xdf\xf3\xca_\xee\xb7\xfe\x85\xff\x00}W\xc5\xe7\x1c?\
,:\xf6\xd8}a\xf8\xaf\xf8\x1eg\xe6\x1cI\xc2\x12\
\xc2'\x89\xc1kO\xafu\xfek\xcf\xef<\xea\x8a(\
\xaf\x99>\x18(\xa2\x8a\x00(\xa2\x8a\x00(\xa2\x8a\x00\
(\xa2\x8a\x00(\xa2\x8a\x00)?\xe5\xb7\xfc\x06\x96\x93\
\xfe[\x7f\xc0h\x01h\xa2\x8a\x00(\xa2\x8a\x00(\xa2\
\x8a\x00(\xa2\x8a\x00(\xa2\x8a\x00(\xa2\x8a\x00(\xa2\
\xbb\x0f\x84\xbf\x05u\x8f\x8b\xda\x83\xa5\x8a-\xb5\x85\xbf\
\xfc}_\xcf\xf2\xc1n\xbf\xfb3\x7f\xb2\xb5\xb6\x1f\x0f\
:\xf3T\xa9+\xb6u`\xf0u\xf15\x15\x1c:\xbb\
g#\x1cm$\x8a\xaa\xb9f\xf9T\x0a\xf4?\x03\xfe\
\xcb~0\xf1\xb5\xba\xdc5\x8cz=\x8b\x7f\xcb\xc6\xa6\
\xfeB\xff\x00\xc0W\xef7\xfd\xf3^\xe7\xe0\x1f\x86~\
\x1b\xf8C\x1a\xb6\x93o\xfd\xa1\xaa\xff\x00\x16\xa7v\x8a\
\xd2/\xfdrO\xba\x9f\xfa\x15m^\xea\x93j\x12o\
\x9aY$\x7fWm\xd5\xf6\x18>\x18\x84#\xcd\x89w\
}\x97\xf9\xff\x00\x97\xde~\x91\x95\xf0\x1d\x18G\x9f\x1f\
+\xbe\xcb\xfc\xff\x00\xcb\xef<\x96\xcf\xf6%U\x8f\xfd\
;\xc6Z|/\xff\x00N\xf6O:\xff\x00\xe8K_\
\xa5_\xb3\xbf\xfc\x13\x7f\xe0\xef\xc3/\x81\xbf\x02\xf4k\
\xff\x00\x81\xb1\xfcj\xd4>.\xa8\x97\xc4>.\xb9\xd4\
\xf5+3\xa7\xa4\xb7\x02/*\xd4[\xee\x8e'\x822\
Knefe\xe5\xb6\xb7\xcb\xf1_\x9b\xfes^\x99\
\xf0\xb7\xf6\xd2\xf8\xad\xf0C\xc1sxw\xc2~>\xf1\
.\x83\xa2\xdc\x17&\xce\xd2\xec\xa4q\x97\xeaS\xfb\x8c\
\xdf\xde\x8fmi\x98p\xed\x19\xc6?V\x8f/\xcd\xff\
\x00^g\xab\x8b\xe1<\xbf\x96?W\xa4\x93\xf3r\xff\
\x00?\x9e\xc7\xcb\x7f\xb7_\xeci\xa9~\xcc?\xb4\xdf\
\xc4O\x0e\xe8\xb6Z\x86\xa9\xe1\x1f\x0fx\x82\xf2\xcbM\
\xbf_\xdf\xe6\xd9&p\x9ek'\xdd\x91Tmm\xdb\
~ej\xf0\x9a\xfbj?\x13_G\xa8Is\xf6\xa9\
\x9e\xe2gg\x95\xdd\xf74\x8c\xdf3\x16\xdd\xf7\x9a\xb9\
\x0f\x1f|\x0e\xf0\xaf\xc5M\xf241\xf8{Z\x93\xee\
\xdd\xda/\xfa4\xcd\xff\x00Mb\xff\x00\xd9\x96\xb9k\
\xf0\xa5\xa9\xfe\xe2|\xd2\xec\xff\x00\xcf\xfa\xf5<L\xc3\
\x80\x17\xb3\xe6\xc1T\xf7\xbb?\xd1\xff\x00\x9f\xde|\xa9\
Et?\x12>\x17\xeb\x1f\x0a\xf5\xe6\xb0\xd5\xad\xbc\xb7\
o\x9a)S\xe6\x8a\xe1?\xbc\x8d\xfcU\xcfW\xc9\xd4\
\xa7:Sp\xa8\xac\xd1\xf9\xce#\x0dV\x85WN\xba\
\xb3]\x02\x8a(\xac\xccB\x8a(\xa0\x02\x8a(\xa0\x02\
\x8a(\xa0\x02\x8a(\xa0\x02\x8a(\xa0\x02\x8a(\xa0\x06\
\xc7\xf7\x05:\x9b\x1f\xdc\x14\xea\x00(\xa2\x8a\x00(\xa2\
\x8a\x00(\xa2\x8a\x00(\xa2\x8a\x00(\xa2\x8a\x00(\xa2\
\x8a\x00+o\xc0\x7f\x0e\xf5\x8f\x89\x9a\xe2\xd8h\xb62\
^\x5cm\xdc\xe4|\xb1\xc2\xbb\xbe\xf3\xb7\xddU\xab\xbf\
\x08\xfe\x15\xea\x1f\x18<a\x1e\x97b\xdeL+\xfb\xdb\
\xab\xb7]\xd1\xda\xc5\xfcN\xdf\xfb*\xff\x00\x13\x7f\xdf\
U\xf5\x17\x87\xf4}'\xe1\xcf\x87\xff\x00\xb1|=\x0b\
Cg\xbbt\xf7\x0f\xfe\xbe\xf9\xff\x00\xbe\xed\xff\x00\xb2\
\xd7\xbf\x93\xe4r\xc5~\xf6\xaf\xbb\x0f\xcf\xd3\xfc\xcf\xb0\
\xe1\xae\x15\x96?\xfd\xa3\x10\xf9i/\xbd\xf9/\xd5\x9c\
/\x85?d?\x0e\xe8\x16\xe8\xfe\x22\xd4.\xb5k\xef\
\xe3\xb7\xb2o&\xd9[\xfb\xbb\xfe\xf3\x7f\xc0v\xd7\xb7\
~\xc8\x1f\xb0\xf7\xc2\x7f\xda+\xf6\xa0\xf0O\x835\x8d\
\x22\xf3I\xd2\xfcA\xaaGms-\xbe\xa9.\xf7L\
n(\x19\x99\xb6\xb4\x9bvn\xff\x00n\xb8\xff\x007\
\xfc\xe6\xa6\xd3\xf5\x8b\x8d\x1fP\xb7\xbc\xb3\xb8\x9a\xd6\xea\
\xd6U\x9e\x09\xe2v\x8eH][r\xba\xb2\xfc\xca\xca\
\xdf\xc5_c<\xaf\x0d\xec\x1d*PQ\xba\xde\xd7\x7f\
\x89\xfao\xf6\x1e\x028wB\x95\x18-7j\xef\xd6\
\xefS\xea\x0f\xdb\xab\xf6\x16\xf8U\xe2\x7f\xd8\xf7\xe3\xb7\
\x88tO\x80q\xfc\x15\xd4~\x0b\xcdf\xda\x0e\xb1\x06\
\xa3\xa8H\xda\xdco}\xf6ymn\xa2\xb8\xf9Y\xf6\
muufm\xce>\xea\xfd\xef\xc8\xba\xfd\x1e\xf8\x97\
\xfbn\xfcV\xf8\xcb\xa0\xdb\xe9^-\xf1\xdf\x88<C\
\xa5Z\x91\x8b+\xdb\x82\xf0HGB\xe9\xfcg\xefr\
\xdb\x9a\xbe]\xf8\xe9\xfb5\xdbj\x9a}\xcf\x88|\x1f\
m\xe5\xb4?\xbd\xbf\xd2\x13\xe6\xf2\xff\x00\xbc\xf0\xff\x00\
\xb3\xfe\xc7\xf0\xff\x00\x0f\xf7k\xe4\xb1\x1c7Z\x14\xa5\
V\x1fv\xaf\xeeos\xe13\x8e\x0d\xaa\xa9<N\x15\
-7\x82\xbe\xdd\xd5\xf7\xf4\xfc\xcf\x03\xa2\x8a+\xe76\
\xd0\xfc\xf7m\x18QE\x14\x00QE\x14\x00QE\x14\
\x00QE\x14\x00QE\x14\x00QE\x14\x00QE\x14\
\x00\x83\xfdb\xd2\xd2\x0f\xf5\x8bK@\x05\x14Q@\x05\
\x14Q@\x05\x14Q@\x05\x14Q@\x05\x14Q@\x05\
\x14Q@\x05\x14Q@\x05\x15\xd9\xeb\xdf\x08_\xc3\xfe\
\x17\xb6\xbc\x96mC\xedW\x1eN\xd4}5\xd6\xcd\x9a\
_\x99bK\x8d\xdbZEVVe\xda\xab\xf7\xbef\
\xdbP\xf8\xe3\xe1\x9c~\x15\xd2\xe6\xb9\xb5\xd4\xbf\xb4?\
\xb3\xef\x7f\xb3o\xc1\xb7\xf2\xbc\x99\xb6\xee\xf9>f\xdf\
\x1ba\xfef\xda\xdf/\xdd\xa8\xf6\x88|\xac\xe4'\xff\
\x00V\xff\x00\xee\xd1\x1f\xdc\x14O\xfe\xad\xff\x00\xdd\xa2\
?\xb8*\xc4:\x8a(\xa0\x02\x8a(\xa0\x02\x8a(\xa0\
\x02\x8a(\xa0\x02\x8a(\xa0\x02\x8a(\xa0\x02\x8a(\xa0\
7&\xd3t\xdb\x8dcP\x86\xd6\xd6\x19..n\x1d\
b\x8a$]\xcd#7\xca\xaa\xb5\xf5_\xc3\x1f\x86v\
\xdf\x01\xfc.\xf6\xca\xd1\xcd\xe2mI\x17\xfbF\xe5>\
o\xb3\xa7\xde\xfb:\x1f\xee\xff\x00y\xbf\x8b\xfe\xf9\xdb\
\xce~\xcf\x7f\x0ba\xf8[\xe1\xb8|M\xa9C\xbb\xc4\
Z\xa4[\xac\x22\x91\x7f\xe3\xc6\x16\xff\x00\x96\xac\xbf\xf3\
\xd1\x97\xff\x00\x1d\xff\x00\x81WW%\xe3I#36\
\xe6o\x99\x89\xaf\xbb\xc8\xf2\xbf\xab\xd3\xf6\xf5~9m\
\xe4\xbf\xcd\xfe\x07\xeb\x5c-\x91\xc7\x03Ib\xb1\x0b\xf7\
\xafo\xee\xa7\xfa\xbf\xc1z\x96|\xdf\xf3\x9a>\xd3U\
>\xd1\xf4\xa4\xfbM{\xbe\xd0\xfa\xcfh\x5c\xf3\x7f\xce\
h\xf3\x7f\xcej\xa7\xda>\x94}\xa3\xe9G0\xbd\xa1\
o\xcd\xff\x009\xa9\xe1\xbc\xb7\xb8\xd3\xeet\xfdB\xda\
;\xfd+PM\x97V\xd2}\xd9\x17\xfb\xcb\xfd\xd6_\
\xe1e\xfe\xedf\xfd\xa3\xe9G\xda>\x94s\xdfF5\
UZ\xcc\xf0\x1f\x8e_\x06f\xf8O\xe2\x14{w\x92\
\xf3A\xd47=\x85\xd9_\x99\x97\xfey?\xfd4_\
\xe2\xfe\xf7\xde\xff\x00exj\xfa\xfb\xfd\x03\xc4\x9a\x1d\
\xce\x87\xad\xc7\xf6\x8d'P\xfb\xff\x00\xde\xb7\x7f\xe1\x95\
?\xba\xcb_4|Z\xf8W\xa8|#\xf1d\x9am\
\xf2\xf9\x90\xb7\xefmnW\xfd]\xd4_\xc2\xeb\xff\x00\
\xb3-|Ny\x93\xba\x12\xfa\xc5\x1f\x81\xfe\x1f\xf0;\
\x1f\x96\xf1G\x0f<,\xbe\xb7\x86_\xbb\x97\xfeJ\xfb\
zv\xfb\x8eb\x8a(\xaf\x9d>,(\xa2\x8a\x00(\
\xa2\x8a\x00(\xa2\x8a\x00(\xa2\x8a\x00)?\xe5\xb7\xfc\
\x06\x96\x93\xfe[\x7f\xc0h\x01h\xa2\x8a\x00(\xa2\x8a\
\x00(\xa2\x8a\x00(\xa2\x8a\x00(\xa2\x8a\x00(\xa2\xbd\
\x13\xf6\x7f\xf8'\xff\x00\x0b?X\x92\xfbRy-|\
;\xa5\xb6\xeb\xc9\xc7\xca\xd37\xf0\xc4\x9f\xed7\xfe;\
\xff\x00|\xd7N\x17\x0b<EEN\x9a\xd5\x9d\x99~\
_[\x1bYP\xa0\xae\xd9c\xe0?\xec\xff\x00'\xc4\
i?\xb65\x86\x92\xc7\xc3\x16\xaf\xf3\xcb\xf7d\xbce\
\xff\x00\x96Q\x7f\xec\xcd\xfc5\xef\xd2jP\xdb\xe9\xf1\
\xe9\xfa}\xb4:n\x97o\xf2\xc1i\x12\xedU\xff\x00\
i\xbf\xbc\xdf\xedT\x1a\xc6\xb8\x97\x8b\x0d\xb5\xac1\xd9\
\xe9\xf6i\xe5Z\xdbF\xbbc\x85\x16\xa9\xfd\xa3\xe9_\
\xa2`pt\xb0\x90\xe4\xa7\xbfW\xdf\xfe\x01\xfbFS\
\x96\xe1\xf2\xda>\xc6\x86\xb2{\xbe\xff\x00\xe4\xbc\xbe\xf2\
\xdf\x9b\xfesG\x9b\xfesU>\xd1\xf4\xa3\xed\x1fJ\
\xeb\xe6=\x1fh[\xf3\x7f\xceh\xfbMT\xfbG\xd2\
\x93\xed4{@\xf6\x85\xcf7\xfc\xe6\x8f7\xfc\xe6\xaa\
}\xa3\xe9G\xda>\x94s\x07\xb44o?\xb3\xfcO\
\xa2\xbe\x8f\xafZ\xae\xa1\xa5I\xd8\xff\x00\xac\xb7o\xef\
\xc4\xdf\xc2\xd5\xf3\x7f\xc6\xcf\x81\xf7\xdf\x07\xf5tm\xff\
\x00n\xd1o\xbek+\xf4_\x96E\xfe\xeb\x7fvE\
\xfe\xed{\xff\x00\xda>\x95f;\x8b\x1dkG\xb8\xd1\
u\xab\x7f\xb6h\xb7\xdf,\xb1\xff\x00\x14-\xfc.\x8d\
\xfc,\xb5\xc3\x98e\xf4\xb1\xb0\xe5\x9e\x93[?\xd1\xf9\
~G\x93\x9dd\xf43*\x5c\xb3\xd2\xa2\xd9\xfe\x8f\xcb\
\xf2\xe8|\x7fEu_\x18>\x15\xde|#\xf1\x84\x9a\
|\xed\xf6\x8bY\x17\xcf\xb2\xbbE\xfd\xdd\xd4-\xf7Y\
\x7f\xda\xfe\xf2\xff\x00{\xfe\xfa\xaeV\xbf;\xadFt\
\xa6\xe9\xd4Vh\xfcc\x15\x85\xab\x87\xaa\xe8\xd6Vk\
p\xa2\x8a+\x13\x9c(\xa2\x8a\x00(\xa2\x8a\x00(\xa2\
\x8a\x00(\xa2\x8a\x00(\xa2\x8a\x00l\x7fpS\xa9\xb1\
\xfd\xc1N\xa0\x02\x8a(\xa0\x02\x8a(\xa0\x02\x8a(\xa0\
\x02\x8a(\xa0\x02\x8a(\xa0\x02\xadhz-\xd7\x895\
\x8bm>\xc6\x19.n\xaf\x1db\x8a4_\x99\x99\xaa\
\xad}\x09\xfb1\xfc?_\x01\xf8]\xbc[x\x9bu\
MQ\x1a\x0d%\x0f\xde\x86/\xba\xf3\xff\x00\xc0\xbe\xea\
\xff\x00\xf6U\xe8ey|\xb1U\x95>\x9d}\x0fk\
!\xc9\xe5\x98bU\x1d\xa3\x1d[\xec\xbf\xad\x17\x99\xdb\
x/\xc1\xf6\xbf\x06\xfc\x1e\xba\x0d\x8b\xac\x97Sm\x97\
T\xbb\x1f\xf2\xf1.\xdf\xb8\xbf\xf4\xcd~\xedX\xf3\x7f\
\xcej\xa3\x5c\x96\xf9\x99\xb75\x1fh\xfaW\xe8\xd1\xe5\
\x84T)\xe8\xa2~\xd5\x0eJT\xd5*J\xd0Z$\
[\xf3\x7f\xceh\xf3\x7f\xcej\xa7\xda>\x94}\xa3\xe9\
U\xce?h[\xf3\x7f\xcejm?V\x9bK\xbcI\
\xad\xdf\xcb\x92?\xbaEf\xfd\xa3\xefR\xfd\xa3\xe9G\
\xb4\xb7\xbc8\xd6\xb3\xba8\x8f\xda\x1b\xe0}\xaf\x89\xb4\
\xcb\xaf\x16xv\x0f\xb3\xde[\xfe\xf7V\xd3\xe3_\x95\
\x97\xf8\xae\x22\xff\x00\xd9\x97\xfe\x05\xfe\xf7\xcf\xf5\xf5\xf6\
\x97\xaeM\xa3\xea\x11\xdc\xc2\xdb^6\xff\x00\x80\xb7\xb3\
W\x8d\xfe\xd2\x1f\x05\xed\xfc/ \xf16\x83\x1e\xdd\x07\
P\x97l\xf0\x0f\xf9\x86\xcc\xdf\xc1\xff\x00\x5c\xdb\xf8\x7f\
\xef\x9f\xee\xd7\xcbg\x99\x5ce\x17\x8a\xa0\xbdW\xeb\xfe\
\x7fy\xf0<Y\xc3\xf1\x9c^?\x08\xbf\xc7\x1f\xfd\xb9\
~\xbfy\xe4\xb4QE|\x81\xf9\xb8QE\x14\x00Q\
E\x14\x00QE\x14\x00QE\x14\x00QE\x14\x00Q\
E\x14\x00\x83\xfdb\xd2\xd2\x0f\xf5\x8bK@\x05\x14Q\
@\x05\x14Q@\x05\x14Q@\x05\x14Q@\x05\x14Q\
@\x05\x14Q@\x05\x14Q@\x1e\x89y\xf1r\xc6]\
&\xea\xea5\xd4$\xd6\xb5\x0b[K7\x8aE_\xb2\
\xdb\xad\xb3'\xce\x8f\xbbs3yK\xb5v\xae\xdd\xcd\
\xf35Q\xf8\x81\xf1\x03K\xd74{\xebm.;\xe5\
mcR\xfe\xd6\xbc\xfbB\x22\xac/\xb5\x94D\x9bY\
\xb7\xae\xe7\x7f\x9d\xb6\xff\x00\x0f\xcb\x5cM\x15\x97\xb1E\
s\x0c\x99q\x1b\xfc\xdf\xc3K\x1a\xfe\xed~j'\xff\
\x00V\xff\x00\xee\xd1\x1f\xdc\x15\xa9!\xb7\xde\x8d\xbe\xf4\
\xea(\x01\xbb}\xe8\xdb\xefN\xa2\x80\x1b\xb7\xde\x8d\xbe\
\xf4\xea(\x01\xbb}\xe8\xdb\xefN\xa2\x80\x1b\xb7\xde\x8d\
\xbe\xf4\xea(\x01\xbb}\xe8\xdb\xefN\xa2\x80\x1b\xb7\xde\
\xbdS\xf6g\xf8G\x0f\x8b5I\xbcC\xadF\xcd\xa0\
hl\xa5\x90\xff\x00\xcb\xe4\xdfy\x22_\xef/\xf17\
\xff\x00e\x5c/\xc3\xff\x00\x03\xdf|F\xf1\x85\x86\x8b\
`\x9b\xae/\xa5\xd9\x9d\xbb\x965\xfe'o\xf6Uw\
5}3\xac5\x8f\x87\xf4\xfb_\x0f\xe8\xe9\xb3I\xd1\
\xd7\xcaL\x7f\xcb\xc3\xff\x00\x1c\xa7\xfd\xa6j\xfa\x1c\x87\
/U%\xf5\x9a\x9b/\xc5\xff\x00\xc0\xea}\x97\x0ad\
\xea\xb4\xde3\x10\xbd\xc8l\xbb\xbf\xf2[\xbf\x92\xea?\
X\xd6\xe6\xd75).fm\xcf#\x7f\xdf+\xfd\xd5\
\xaa\xbesUO\xb4}(\xfbG\xd2\xbe\xb6U$\xdd\
\xd9\xfa,\xb1\x0eN\xec\xb7\xe75\x1ekUO\xb4}\
(\xfbG\xd2\x8fh/h[\xf3\x9a\x8f9\xaa\xa7\xda\
>\x94}\xa3\xe9G\xb4\x0fh[\xf3\x9a\x8f9\xaa\xa7\
\xda>\x94}\xa3\xe9G\xb4\x0fh[\xf3\x9a\xadj\xfe\
\x1f\xb1\xf8\xb9\xe0\xe7\xf0\xce\xab*\xc36\xed\xfa]\xe3\
\xae\xe6\xb5\x9b\xfb\xbf\xf5\xcd\xbf\xcf\xf0\xd6W\xda>\x94\
\xbfh\xa3\x9d8\xb8\xcfT\xf7\x0fi\x19E\xc2j\xea\
Z5\xdd\x1f7x\xb3\xc2w\xfe\x09\xf1\x15\xd6\x95\xa9\
F\xd6\xf7\x96o\xb2T\xff\x00\xd9\x97\xfb\xca\xd5\x9d\xb7\
\xde\xbe\x9c\xf8\xb1\xf0\xfd~<x?\xed\x16\xd1\xaf\xfc\
%\xba,_&>V\xd4\xad\xd7\xf8?\xda\x91\x7f\x87\
\xff\x00\xb2\xaf\x99\xe5\x8d\xa3\x91\x91\xd5\x95\x95\xb6\xb05\
\xf0\x99\xb6],-_wX=\x9f\xf5\xd5\x1f\x94\xf1\
\x06M,\x05osZog\xfa?5\xd7\xef\xeaG\
\xb7\xde\x8d\xbe\xf4\xea+\xcc>|n\xdfz6\xfb\xd3\
\xa8\xa0\x06\xed\xf7\xa3o\xbd:\x8a\x00n\xdfz6\xfb\
\xd3\xa8\xa0\x06\xed\xf7\xa4\xdb\xfb\xcf\xbd\xfc4\xfaO\xf9\
m\xff\x00\x01\xa0\x04\xdb\xefF\xdfzu\x14\x00\xdd\xbe\
\xf4m\xf7\xa7Q@\x0d\xdb\xefF\xdfzu\x14\x00\xdd\
\xbe\xf4m\xf7\xa7Q@\x0d\xdb\xefF\xdfzuix\
G\xc2w\xfe8\xf1%\xae\x95\xa6\xdb\xb5\xc5\xe5\xe3\xec\
D\xff\x00\xd9\x9b\xfb\xaa\xb5T\xe9\xcarQ\x8e\xe6\xb4\
\xa9N\xa4\xd5:j\xeeF\xb7\xc2\x1f\x85w\xdf\x16\xbc\
X\x96\x16\xee\xd0\xda\xc6\xbem\xe5\xd9_\xdd\xda\xc4\xbf\
y\x9b\xfd\xaf\xee\xad}\x1fyqc\xa4\xe8\xf6\xba.\
\x8b\x0f\xd94]4m\x81?\x8ac\xfcR\xbf\xf7\x99\
\xaa\x9d\x86\x87c\xf0\x9f\xc2i\xe1\x8d*E\x99\xf7o\
\xd4\xaf\x11v\xb5\xe4\xdf\xdd\xff\x00\xaek\xfc+T\xfe\
\xd1\xf4\xaf\xbf\xcb\xf0Q\xc1\xd2\xe5\xfbo\x7f\xf2\xfe\xba\
\x9f\xae\xe4\xf9d2\xca\x1e\xcfz\x8f\xe2\x7f\xa2\xf4\xeb\
\xdd\xfa\x16\xfc\xe6\xa3\xcej\xa9\xf6\x8f\xa5\x1fh\xfaW\
o\xb4=Oh[\xf3\x9a\x8f9\xaa\xa7\xda>\x94}\
\xa3\xe9G\xb4\x0fh[\xf3\x9a\x8f5\xaa\xa7\xda>\x94\
}\xa3\xe9G\xb4\x0fh[\xf3\x9a\x8f9\xaa\xa7\xda>\
\x94}\xa3\xe9G\xb4\x0fh[\xf3\x9a\x8f9\xaa\xa7\xda\
>\x94}\xa3\xe9G\xb4\x0fhh\xeb\x1e\x1b\xb3\xf8\xb1\
\xe17\xf0\xce\xa8\xeb\x0bn\xdf\xa6\xde\x15\xdc\xd6s\x7f\
w\xfe\xb9\xb7\xf1-|\xbb\xe2\x8f\x0b\xdex?_\xbc\
\xd2\xf5\x08\xda\x1b\xcb\x19Z)S\xfd\xaf\xfe&\xbe\x92\
\xfbF>\xede\xfe\xd0^\x07_\x8a\x9e\x03\xff\x00\x84\
\x8a\xd6=\xde \xf0\xfal\xbdD\x1f5\xd5\xaf\xfc\xf5\
\xff\x00i\x93\xff\x00A\xdd\xfe\xcdy9\xc6_\x1cU\
/k\x0f\x8e\x1f\x8a\xff\x00\x81\xf9\x1f?\xc4\x99Lq\
\xf8wZ\x92\xfd\xe4\x17\xde\xbbz\xae\x9eZv>q\
\xdb\xefF\xdfzu\x15\xf0\xe7\xe5;h7o\xbd\x1b\
}\xe9\xd4P\x03v\xfb\xd1\xb7\xde\x9dE\x007o\xbd\
\x1b}\xe9\xd4P\x03v\xfb\xd1\xb7\xde\x9dE\x007o\
\xbd\x1b}\xe9\xd4P\x03#\x1f\xbb_\x9a\x97o\xbd\x11\
\xfd\xc1N\xa0\x06\xed\xf7\xa3o\xbd:\x8a\x00n\xdfz\
6\xfb\xd3\xa8\xa0\x06\xed\xf7\xa3o\xbd:\x8a\x00n\xdf\
z6\xfb\xd3\xa8\xa0\x06\xed\xf7\xa3o\xbd:\x85\xdc\xff\
\x00(\xf9\x8d\x1b\xe8\x0bWdv\x7f\x01\xfe\x15\xb7\xc5\
O\x1dGmp\xcd\x1e\x95f\xbfj\xd4e\xfb\xbe\x5c\
+\xfc;\xbf\xbc\xdfv\xbe\x84\xd7\xb5\xaf\xedmA\x9e\
4\xf2m\xa3U\x8a\xde!\xf7a\x89~UU\xff\x00\
\x80\xd6g\x82\xfc$\xbf\x07~\x15\xda\xe8\xad\x1e\xcdc\
X\xdb{\xaa\x1f\xe2\x8f\xe5\xf9\x22\xff\x00\x80\xaf\xfe=\
\xbb\xfb\xd5\x17\xda>\x95\xfa\x06_\x84XL:\x83\xf8\
\xe5\xab\xfd\x17\xcb\xf3?d\xc9r\xf5\x97\xe1\x15'\xf1\
\xcfY\xfe\x8b\xe5\xf9\xb6[\xf3\x9a\x8f9\xaa\xa7\xda>\
\x94}\xa3\xe9]\xde\xd0\xf4\xbd\xa1o\xcej<\xe6\xaa\
\x9fh\xfaQ\xf6\x8f\xa5\x1e\xd0=\xa1o\xce\xfb\xd4y\
\xcdU<\xef\xbdG\xda>\x94{@\xf6\x85\xbf9\xaa\
\xf6\x8f\xa8[I\x1d\xce\x9f\xa9G\xf6\x8d'T\x8b\xec\
\xf7\x91\x7f\xb2\xdf\xc4\xbf\xed/\xde\xaco\xb4}(\xfb\
G\xd2\x9cggv8\xd7\xe5wg\x84\xfc`\xf8W\
u\xf0\x8f\xc6\x97\x1a]\xc3I%\xb3~\xf6\xce\xe3o\
\xcbu\x0b}\xd7\xff\x00\xe2\xbf\xdaZ\xe56\xfb\xd7\xd4\
\xfe0\xf0z|j\xf8oq\xa3\xecV\xd74\x94k\
\xad&O\xe2\x93\xfb\xf0\x7f\xc0\x97\xff\x00e\xfe\xed|\
\xb9\x224r2:\xb2\xb2\xb6\xd6\x07\xef-|Fu\
\x80Xz\xbc\xd4\xfe\x19m\xfe_#\xf2\xee&\xca\x16\
\x0f\x10\xaaQ\xfe\x1c\xf5^]\xd7\xcb\xf2\xb1\x1e\xdfz\
6\xfb\xd3\xa8\xaf\x1c\xf9\x91\xbb}\xe8\xdb\xefN\xa2\x80\
\x1b\xb7\xde\x8d\xbe\xf4\xea(\x01\xbb}\xe8\xdb\xefN\xa2\
\x80\x1b\xb7\xde\x8d\xbe\xf4\xea(\x01\xbb}\xe8\xdb\xefN\
\xa2\x80\x1b\xff\x00-\x17\xe6\xa7R\x0f\xf5\x8bK@\x05\
\x14Q@\x05\x14Q@\x05\x14Q@\x05\x14Q@\x05\
\x14Q@\x05\x14Q@\x05\x14Q@\x05\x14Q@\x0d\
\x9f\xfd[\xff\x00\xbbD\x7fpQ?\xfa\xb7\xff\x00v\
\x88\xfe\xe0\xa0\x07QE\x14\x00QE\x14\x00QE\x14\
\x00QE\x14\x00QE\x14\x00QEv\x9f\x00\xfe\x1b\
\xa7\xc4\xcf\x88\x96\xf6\xd7_&\x95b\xady\xa8\xc9\xfc\
+\x0a}\xe5\xff\x00\x81|\xab\xff\x00\x02\xad\xb0\xf8y\
\xd7\xaa\xa9Cvu`\xf0\x951U\xa1B\x9e\xed\xd8\
\xf5/\x80\xfe\x0f_\x85\xff\x00\x0d\xdf^\xb8M\xba\xdf\
\x89\x93\xca\xb4\x05~k{O\xe2\x7f\xf7\x9f\xff\x00A\
\xdbW\xbe\xd1V<Y\xe2f\xf16\xb7%\xce\xcf.\
\x1f\xb9\x04Av\xac1/\xca\xabY\xbee}\xe49\
)AQ\xa7\xb2\xfe\xaf\xf3?[\x8a\xa7\x87\xa5\x0c5\
\x1f\x86\x1f\x8fw\xf3\xff\x00\x80Z\xfbE\x1fh\xaa\xbe\
e\x1ee?h?hZ\xfbE\x1fh\xaa\xbee7\
\xcc\xfb\xd4\xbd\xa0{B\xe7\xda(\xfbEU\xf3(\xf3\
)\xfb@\xf6\x85\xaf\xb4Q\xf6\x8a\xab\xe6Q\xe6Q\xed\
\x03\xda\x16\xbe\xd1G\xda*\xaf\x99G\x99G\xb4\x0fh\
hi\xfa\xb4\xda]\xe4w\x16\xee\xd1\xcd\x0bnG\x15\
\xc8\xfe\xd1\xdf\x0b\xe1\xf1\x06\x9e\xfe6\xd0\xed\xb6,\x8d\
\x8df\xd25\xff\x00\x8fy[\xfe[\xaa\xff\x00\xcf6\
\xfe/\xf6\xab{\xcc\xad/\x0a\xf8\xa1\xbc7\xa93\xba\
}\xa2\xd6\xe1\x1a\x0b\xabw\xfb\xb7\x117\xdeV\xa8\xa9\
N\x18\x8an\x8dM\x9f\xe0\xfb\x99\xe2)\xd1\xc5\xd0x\
J\xfb>\xbd\x9f\x7f\xf3\xee\x8f\x98\xe8\xafB\xfd\xa0>\
\x0f\xaf\xc3}r\x1b\xed1\xa4\xb9\xf0\xde\xb1\xba[\x19\
J\xff\x00\xab\xf5\x81\xbf\xda_\xf3\xfcU\xe7\xb5\xf0\xd8\
\xac<\xf0\xf5\x1d:\x9b\xa3\xf2\x9c\xc3\x03W\x07Y\xd0\
\xac\xb5_\xd7\xdc\xc2\x8a(\xac\x0e0\xa2\x8a(\x00\xa2\
\x8a(\x00\xa4\xff\x00\x96\xdf\xf0\x1aZO\xf9m\xff\x00\
\x01\xa0\x05\xa2\x8a(\x00\xa2\x8a(\x00\xa2\x8a(\x00\xa2\
\x8a(\x01\xd1\xc6\xd3H\xa8\x8a\xce\xec\xdbT\x05\xf9\x9a\
\xbe\x94\xf8g\xe04\xf8\x0f\xe0\xfd\xf7\x11\xff\x00\xc5]\
\xadE\xfb\xf7\xfb\xcd\xa6\xc2\xdfv%\xfe\xec\x8d\xfc_\
\xfd\x8dr\xbf\xb3\xbf\xc3x|+\xa4\xa7\x8d\xb5\xab}\
\xf2e\x97D\xb4u\xff\x00\x5c\xeb\xf7\xa7o\xf6W\xf8\
\x7f\xda\xff\x00\x80\xd7E\xa8j\x93j\x97\x92\x5c\x5cH\
\xd2M3nw?\xc5_a\x94`\xfd\x84=\xbdO\
\x8d\xed\xe4\xbb\xfa\xbe\x9eG\xe8\xfc9\x95\xc7\x05Ib\
\xeb\x7f\x12{y.\xfe\xaf\xa7\x96\xbdQ7\xda(\xfb\
EU\xf3(\xf3+\xd3\xf6\x87\xbf\xed\x0b_h\xa3\xed\
\x15W\xcc\xa3\xcc\xa3\xda\x07\xb4-}\xa2\x8f\xb4U_\
2\x8f2\x8fh\x1e\xd0\xb5\xf6\x8a\x1a\xe2\xaa\xf9\x94\xd6\
\x92\x97\xb4\x0fh\x5c\xfbE\x1fh\xaa\xbee\x1ee?\
h\x1e\xd0\xb5\xf6\x8a>\xd1U|\xca<\xca=\xa0{\
B\xd7\xda*\xf7\x87\xfcK/\x87\xf5h\xeeQ|\xc5\
_\x95\xe3u\xdc\xb2#}\xe5j\xc7\xf3(\xf3)\xc6\
\xa3\x8c\xae\x8a\xa7\x88qjI\xeay\x8f\xed\x05\xf0\xbd\
>\x1c\xf8\xc9d\xb0\xdc\xfa\x1e\xb0\x9fl\xd3\x9f\xfb\xa8\
\xdfz/\xf7\x91\xbe_\xfb\xe6\xb8:\xfaro\x0f\xc7\
\xf1k\xc0w\xde\x15\x9bj\xdf.\xeb\xcd\x22G\xdb\xf2\
\xcc\xab\xf3&\xef\xee\xba\xd7\xcc\xd7\x16\xefg;\xc3\x22\
4rF\xcc\x8e\x8e\xbbYY~\xf2\xd7\xca\xe7X\x18\
\xd2\xab\xedi|\x13\xfc\x1fU\xfdt?=\xe2|\xb1\
a\xab,E\x15\xfb\xba\x9by>\xab\xfc\xbc\x9a\x19E\
\x14W\x8a|\xc8QE\x14\x00QE\x14\x00QE\x14\
\x00QE\x14\x00\xd8\xfe\xe0\xa7Sc\xfb\x82\x9d@\x05\
\x14Q@\x05\x14Q@\x05\x14Q@\x05\x14Q@\x05\
z\x97\xec\xb7\xf0\xfe\x1f\x10x\xbam{R\x8fv\x8f\
\xe1\x90\xb7N\x0f\xdd\x9ao\xf9e\x17\xfd\xf5\xf3\x7f\xc0\
\x7f\xda\xaf1\xb3\xb2\x92\xfe\xf2;xU\xa4\x9agT\
E\x1fy\x99\xbeUZ\xfan\xe3C\x8f\xe1o\x824\
\xdf\x09[\xb2\xb4\xf6\xeb\xf6\xadRD\xff\x00\x96\x97N\
\xbfw\xfd\xd5_\x96\xbd\xcc\x93\x07\xed*{i\xad#\
\xf9\xf4_\xa9\xf5|+\x97\xaa\xb5\xde*\xaa\xf7)\xeb\
\xea\xfa/\xd5\xf9!5\x8drmsT\xb8\xba\xb8m\
\xd2\x5c;;U_\xb4U_2\x8f2\xbe\x9eU$\
\xdf4\x8f\xbc\x96#\x9eWe\xaf\xb4Q\xf6\x8a\xab\xe6\
Q\xe6Q\xed\x05\xed\x0b_h\xa3\xed\x15W\xcc\xa3\xcc\
\xa3\xda\x07\xb4-}\xa3\xefQ\xf6\x8a\xa7\xe6}\xeaw\
\x99K\xda\x07\xb4-}\xa2\x8f\xb4U_2\x8f2\x9f\
\xb4\x0fhiiz\xc4\xda>\xa1\x0d\xcd\xb9\xd95\xbb\
oS^{\xfbT|=\x87M\xd7-\xbcU\xa5\xc7\
\xb3J\xf1&\xe6\x95\x07\xdd\xb7\xba\xfe4\xff\x00\x81}\
\xef\xfb\xea\xbb\x0f2\xb64}.\x1f\x88\x1e\x19\xd5<\
%x\xea\xa9\xab&\xfb9\x1f\xfeX\xdd'\xcc\x8d\xff\
\x00\x02\xfb\xb5\x96\x22\x84qT]\x09o\xd3\xd7\xfe\x0e\
\xc68\xcc,q\xd8Y\xe1%\xbb\xd6\x1f\xe2\xff\x00\x83\
\xb7\xfc1\xf2\xed\x156\xa5\xa7\xcd\xa3\xea\x17\x16\xb71\
\xb476\xae\xd1K\x1b\xfd\xe5u;XT5\xf0m\
8\xbb3\xf2\x19\xc2Q\x97$\x82\x8a(\xa9$(\xa2\
\x8a\x00(\xa2\x8a\x00(\xa2\x8a\x00(\xa2\x8a\x00A\xfe\
\xb1ii\x07\xfa\xc5\xa5\xa0\x02\x8a(\xa0\x02\x8a(\xa0\
\x02\x8a(\xa0\x02\x8a(\xa0\x02\x8a(\xa0\x02\x8a(\xa0\
\x02\x8a(\xa0\x02\x8a(\xa0\x06\xcf\xfe\xad\xff\x00\xdd\xa2\
?\xb8(\x9f\xfd[\xff\x00\xbbD\x7fpP\x03\xa8\xa2\
\x8a\x00(\xa2\x8a\x00(\xa2\x8a\x00(\xa2\x8a\x00(\xa2\
\x8a\x00+\xe8o\x01\xf8\x7f\xfe\x15W\xc1\xdb{y\x17\
f\xb1\xe2\xad\xb7\xb7_\xde\x86\xd5\x7f\xd5'\xfc\x0b\xef\
W\x97\xfc\x03\xf8\x7f\x1f\xc4/\x88\x90Gx\xbbt\x9d\
5\x1a\xff\x00Q\x7f\xe1\xf2S\xe6\xdb\xff\x00\x02m\xab\
\xff\x00\x02\xafN\xf1g\x8a$\xf1g\x88.o\xa4\xf9\
<\xe7\xf9\x13\xfey\xa2\xfc\xaa\xbf\xf0\x15\xaf\xa5\xc9p\
\xfe\xce\x93\xc4\xcbw\xa2\xfd_\xe9\xf7\x9fq\xc3\x18_\
cFX\xe9\xee\xf4\x8f\xea\xff\x00O\x9b!\xf3\x9a\x8f\
9\xaa\x9f\x9d\xfesG\x9d\xfes^\x9f\xb4g\xbd\xed\
\x0b\x9esQ\xe75S\xf3\xbf\xceh\xf3\xbf\xceh\xf6\
\x81\xed\x0b\x9esS|\xef\xbdU|\xef\xf3\x9a\x16j\
^\xd0=\xa1s\xcej<\xe6\xaa~w\xf9\xcd\x1ew\
\xf9\xcd?h\x1e\xd0\xb9\xe75\x1esU?;\xfc\xe6\
\x8f;\xfc\xe6\x8fh\x1e\xd0\xb9\xe75\x1esU?;\
\xfc\xe6\x8f;\xfc\xe6\x8fh\x1e\xd0\xb9\xe75\x1esU\
?;\xfc\xe6\x8f;\xfc\xe6\x8fh\x1e\xd0\xea<?\xaa\
Xk\x9a\x1d\xd7\x86\xf5\xef\x9fE\xd5?\x8f\xf8\xac\xe5\
\xfe\x19S\xfb\xb5\xe0\xbf\x13>\x1b\xdf\xfc+\xf1t\xfa\
M\xfa\xab\xb4\x7f<S\xa7\xfa\xbb\x88\x9b\xee\xba\xff\x00\
\xb2\xd5\xea^w\xf9\xcdn\x5ch\xf6\x7f\x1a\xbc$\x9e\
\x1b\xd4\x1e85k=\xcd\xa3^\xbf\xf0\xb7\xfc\xf0v\
\xfe\xe3Vx\xcc<q\x94\xb9~\xda\xdb\xfc\xbf\xc8\xe7\
\xcc\xf0Q\xcch\xaao\xf8\x90\xf8_\x7f\xee\xff\x00\x97\
\x9e\x9dO\x9ch\xabZ\xe6\x87u\xe1\xbdb\xe2\xc2\xfe\
\xdeKk\xcb7h\xa5\x89\xd7\xe6VZ\xab_\x1b(\
\xca2\xe5\x91\xf9\xac\xe1(K\x96_\x10QE\x15&\
aE\x14P\x01I\xff\x00-\xbf\xe04\xb4\x9f\xf2\xdb\
\xfe\x03@\x0bE\x14P\x01E\x14P\x01E\x14P\x01\
]\xf7\xc0\x7f\x84\xa9\xf1\x13\x5c\x9a\xfbTi-\xfc7\
\xa3\xaf\x9b\x7f8\xff\x00\x96\x9f\xdd\x81\x7f\xdaj\xe7\xfe\
\x1a\xfc;\xbf\xf8\xa1\xe2\xebm&\xc1T<\xdf<\xb2\
\xbf\xfa\xbbx\x97\xab\xb7\xfb+^\xe1\xe2-R\xc7C\
\xd1\xed|7\xa0\xb6\xdd\x13K\xfe?\xe2\xbe\x9b\xf8\xa7\
\x7f\xf7\xbf\x86\xbd\xcc\xa7/R\xff\x00h\xac\xbd\xc5\xf8\
\xbf\xf2\xee}W\x0e\xe4\xf1\xa8\xfe\xb9\x89_\xbb\x8e\xcb\
\xf9\x9foE\xd7\xee\xeaI\xe2\xcf\x16?\x89\xb5O1\
S\xec\xf6\xb0\xa2\xc1kn\x9f\xea\xed\xe2_\x95Qk\
/\xcej\xa7\xe7\x7f\xb5G\x9d\xfes^\xf5J\xceN\
\xec\xfb\x09\xe2\x1c\xdb\x9c\xb7.y\xcdG\x9c\xd5O\xce\
\xff\x009\xa3\xce\xff\x009\xa9\xf6\x86~\xd0\xb9\xe75\
\x1esU?;\xfc\xe6\x8f;\xfc\xe6\x8fh\x1e\xd0\xb9\
\xe75\x1esU?;\xfc\xe6\x8f;\xfc\xe6\x8fh\x1e\
\xd0\xb9\xe755\xa6\xaa\xbew\xf9\xcd\x1ew\xdd\xa5\xed\
\x03\xda\x17<\xe6\xa3\xcej\xa7\xe7\x7f\x9c\xd1\xe7\x7f\x9c\
\xd3\xf6\x81\xed\x0b\x9esQ\xe75S\xf3\xbf\xceh\xf3\
\xbf\xceh\xf6\x81\xed\x0b\x9esQ\xe75S\xf3\xbf\xce\
h\xf3\xbf\xceh\xf6\x81\xed\x0d+\x0dRm.\xf2;\
\x98Y\x92kwY\x11\x87\xf0\xb2\xd7-\xfbSx.\
95\x0b?\x19i\xf1\xec\xb1\xf1\x07\xcbx\x89\xf7m\
\xee\xd7\xef\xaf\xfc\x0b\xef\x7f\xdfU\xaf\xe7\x7f\x9c\xd7E\
\xe0\xf8\xed|e\xa3\xea^\x12\xd4\x9dR\xcf\x5cM\xb0\
H\x7f\xe5\xde\xe9\x7f\xd5?\xfd\xf5\xf2\xd1R\x11\xc4R\
xyu\xdb\xd7\xfe\x0e\xc1R\x84q\x98y\xe1'\xd7\
o)t\xfb\xf6~\xbeG\xcdtU\xcd\x7fC\xba\xf0\
\xbe\xb9u\xa7\xdfF\xd0\xddY\xca\xd0\xca\x87\xf8Y[\
mS\xaf\x89\x94%\x19r\xc8\xfc\xb6\xa4%NN\x12\
\xf8\x82\x8a(\xa93\x0a(\xa2\x80\x0a(\xa2\x80\x0a(\
\xa2\x80\x1b\x1f\xdc\x14\xeal\x7fpS\xa8\x00\xa2\x8a(\
\x00\xa2\x8a(\x00\xa2\x8a(\x00\xa2\x8a\xb5\xa1\xe8\xb7>\
$\xd5\xedt\xfb8\xdak\xab\xc9V\x08\x90\x7f\x133\
mZ\xa8FS\x97,M!NU%\x18Gs\xd5\
?e\x7f\x07Eoy\x7f\xe3;\xf8\xf7\xd9\xf8}v\
Y\xa3\xfd\xdb\x8b\xb6_\x93\xfe\xf9\xfb\xdf\xf0%\xae\x92\
\xefR\x97P\xbc\x92\xe2gg\x9agi\x1d\xcf\xf13\
V\xb7\x8e-\xed\xbc\x0f\xa3\xe9~\x0f\xd3\xddZ\xdbC\
O\xf4\xa9\x07\xfc\xbc]7\xcc\xef\x5c\xcf\x9d\xfes_\
m\x0aQ\xc3\xd2Xx\xf4\xdf\xd7\xaf\xdd\xb1\xfa\x9d*\
1\xc1P\x86\x0e=7\xff\x00\x13\xdf\xee\xdb\xe4\x5c\xf3\
\x9a\x8f9\xaa\x9f\x9d\xfesG\x9d\xfesG\xb4\x17\xb4\
.y\xcdG\x9c\xd5O\xce\xff\x009\xa3\xce\xff\x009\
\xa3\xda\x07\xb4.y\xcdG\x9c\xd5O\xce\xff\x009\xa3\
\xce\xff\x009\xa3\xda\x07\xb4-y\xdfz\x9d\xe75S\
\xf3\xbe\xf5\x1ew\xf9\xcd/h\x1e\xd0\xb9\xe75\x1es\
U?;\xfc\xe6\x8f;\xfc\xe6\x9f\xb4\x0fh\x5c\xf3\x9a\
\x9fo{%\x9d\xc2I\x1b\xb2I\x1boV\x1f\xc2\xcb\
T<\xef\xf3\x9a<\xef\xf3\x9a~\xd1\x8dV}\x0c\xdf\
\xda\xa3\xc2i\xa8M\xa7\xf8\xd2\xc5Um\xf5\xc5\xf2/\
Q>\xec7h\xbf7\xfd\xf4\xab\xbb\xfe\x02\xd5\xe3\xf5\
\xf4\xa7\x85\xf4\xc8\xfe\x22xO[\xf0\x95\xc3.\xfdR\
\x0f>\xc0\x9f\xf9gu\x17\xcc\x9f\xf7\xd6\xdd\xb5\xf3u\
\xc5\xbb\xd9\xdc<r#$\x91\xb3#\xa1\xfb\xca\xcb\xfc\
5\xe1gx{TU\xe3\xf0\xcb\xf3\xeb\xfe\x7f3\xe5\
8\xab\x07\xcbYc)\xfc57\xff\x00\x12\xdf\xef\xd1\
\xfc\xc6QE\x15\xe1\x9f&\x14QE\x00\x14QE\x00\
\x14QE\x00\x14QE\x00 \xff\x00X\xb4\xb4\x83\xfd\
b\xd2\xd0\x01E\x14P\x01E\x14P\x01E\x14P\x01\
E\x14P\x01E\x14P\x01E\x14P\x01E\x14P\x06\
\xc6\xa1\xe0MKI\xd0\xed\xf5\x0b\x85\xb3\x8e\x1b\xa4I\
b\x8f\xed\xf05\xcb#}\xd3\xe4\xef\xdf\xb7\xfe\x03G\
\x89<\x03\xabx>\xde\x19\xb5\x0bU\x85&m\x9f$\
\xe9/\x96\xea\xaa\xcc\x8f\xb1\x9bd\x9bY~G\xda\xdf\
\xec\xd7s\xa8x\x8a\x1b\x8f\x09\xfd\xa7[\xff\x00\x84V\
\xe6;x,\x93I\xfe\xcf\xf2\xbe\xd5\xb9\x19U\x95\xf6\
\xfe\xff\x00o\x96\x1fw\x9b\xf2\xee\xdb\xb7\xf8j\x0f\x8a\
\x9a\x95\xad\xbf\x86\xf5\xa8\xe3\xd4,o\x9f\x5c\xd7\xbf\xb4\
\xad~\xcf8\x95\x96\x1d\x8f\xf3>\xd6\xf9\x19\xbc\xd5]\
\xad\xb5\xbeV\xf9k\x9e5%\xccW,O3\x9f\xfd\
[\xff\x00\xbbD\x7fpQ6\xef-\xfe\xef\xdd\xa6\xc7\
\xbb\xcb_\xbb]\x04\x92QI\xf3{Q\xf3{P\x02\
\xd1I\xf3{Q\xf3{P\x02\xd1I\xf3{Q\xf3{\
P\x02\xd1I\xf3{Q\xf3{P\x02\xd1I\xf3{W\
C\xf0\xa7\xc0w\x1f\x13> iz,\x7f*\xdeN\
\xbek\x85\xff\x00W\x12\xfc\xce\xdf\xf7\xca\xb5kB\x9b\
\xab5\x08n\xcd\xb0\xd8yW\xaa\xa8\xd3Wm\xd9\x1e\
\xb1\xf0\xefG\xff\x00\x85o\xf0-$u\xd9\xa9\xf8\xca\
_5\xbf\xbd\x1d\xa4_w\xfe\xfao\x9b\xfd\xda\xcf\xf3\
\xab[\xe2\xa7\x8a#\xf1'\x8c&\xfb\x1e\xd4\xd3\xecB\
\xdaY\xa0\xfb\xab\x12|\xab\xb7\xff\x00B\xff\x00\x81W\
;\xe67\xaa\xd7\xd6\xd5\x92\x8d\xa8\xc3h\xe9\xff\x00\x07\
\xe6\xf5?H\xaf(RK\x0fO\xe1\x82\xb2\xfd_\xcd\
\xdd\xfc\xcb\x9eu\x1euS\xf3\x1b\xd5h\xf3\x1b\xd5k\
\x1fh\xce\x7fh\x5c\xf3\xa8\xf3\xaa\x9f\x98\xde\xabG\x98\
\xde\xabG\xb4\x0fh\x5c\xf3\xa9\xab5U\xf3\x1b\xd5i\
\xa9#c\xef-\x1e\xd0=\xa1{\xce\xa3\xce\xaa~c\
z\xad\x1ecz\xad\x1e\xd0=\xa1s\xce\xa3\xce\xaa~\
cz\xad\x1ecz\xad\x1e\xd0=\xa1s\xce\xa3\xce\xaa\
~cz\xad\x1ecz\xad\x1e\xd0=\xa1s\xce\xa3\xce\
\xaa~cz\xad\x1ecz\xad\x1e\xd0=\xa1s\xce\xa5\
Y\xda6VV\xda\xcb\xf3)\x15K\xccoU\xa3\xcc\
oU\xa7\xed\x18{W\xd0\xea\xfci\xe1\x14\xfd\xa3<\
/\xe6B\xb1\xaf\x8d\xb4x\xbeO\xe1\xfe\xd6\x85\x7f\x85\
\xbf\xe9\xa2\xff\x00\x9f\xf6~{\xb8\xb7\x92\xce\xe1\xe3\x92\
9#\x926\xd8\xe8\xeb\xb5\x95\x97\xef+-z\xfe\x9f\
\xaa\x5c\xe8\xf7\xd0\xdc\xdbL\xd0\xdc[\xb7\x98\x8e\x9fy\
Z\xb5>&x\x02?\x8f\x9al\x9e \xd0c\x8e?\
\x16\xd9\xc5\xbbT\xd3\x11\x7f\xe4$\xab\xff\x00-\xe1\xff\
\x00o\xfb\xc9\xfc_\xef}\xfc\xf1\xd8U\x8b\x8f\xb4\x87\
\xf1#\xf8\xff\x00\xc1\xfc\xfdN|\xdb/Y\x8d?m\
G\xf8\xd1\xdd\x7f2\xef\xfe%\xd7\xba\xf3\xdf\xc2h\xa1\
\xa3x\xd9\x95\xbeV_\xbc6\xd2|\xde\xd5\xf2\xda\xad\
\xcf\x82i\xa7f-\x14\x9f7\xb5\x1f7\xb5\x02\x16\x93\
\xfe[\x7f\xc0h\xf9\xbd\xa9\xbf7\x99\xfc?v\x80\x1f\
E'\xcd\xedG\xcd\xed@\x0bE'\xcd\xedG\xcd\xed\
@\x0bV\xb4=\x0e\xf3\xc4\xda\xc5\xb6\x9fao%\xd5\
\xe5\xe3\xacQD\x9fy\x99\xaa\x0b;;\x8dJ\xf2\x1b\
kh\xe4\xb8\xb8\xb8u\x8a(\xa3Fi$vm\xaa\
\xaa\xab\xf7\x99\x9a\xbd\xf7\xc3~\x1b\x87\xf6s\xd0^\x15\
xf\xf1\xc6\xa1\x16\xdb\xa9\xd1\xb7.\x8f\x13/\xfa\xa4\
o\xf9\xea\xdf\xc4\xcb\xff\x00\x01\xfe\xf3z\x19~\x07\xdb\
\xbei\xe9\x05\xbb\xfd=Ok'\xca%\x8b\x9b\x9dG\
jkw\xfa/7\xd3\xef\xd8\x9d4\xdb/\x82\xfe\x15\
\x93\xc3:\x5c\x91\xdcj\xd7_\xf2\x1b\xd4\x13\xf8\x9f\xfe\
}\xd3\xfe\x99\xaf\xf1\x7fy\xbf\xef\x9a\xc0\xf3\xaa\x9f\x98\
\xde\xabG\x98\xde\xab_AR\xb5\xec\xa2\xad\x15\xb2>\
\xca\xa6!J\xd0\x82\xb4\x16\x89v_\xd6\xef\xab.y\
\xd4y\xd5O\xccoU\xa3\xccoU\xac\xfd\xa31\xf6\
\x85\xcf:\x8f:\xa9\xf9\x8d\xea\xb4y\x8d\xea\xb4{@\
\xf6\x85\xcf:\x8f:\xa9\xf9\x8d\xea\xb4y\x8d\xea\xb4{\
@\xf6\x85\xcf:\x8f:\xa9\xf9\x8d\xea\xb4y\x8d\xea\xb4\
{@\xf6\x85\xcf:\x9a\xd3}\xda\xab\xe67\xaa\xd3Z\
F\xe3\xe6Z=\xa0{B\xf7\x9dG\x9dT\xfc\xc6\xf5\
Z<\xc6\xf5Z=\xa0{B\xe7\x9dG\x9dT\xfc\xc6\
\xf5Z<\xc6\xf5Z=\xa0{B\xe7\x9dG\x9dT\xfc\
\xc6\xf5Z<\xc6\xf5Z=\xa0{B\xe7\x9dK\x1d\xd3\
E tm\xac\xbc\xa9\x0d\xf7j\x97\x98\xde\xabG\x98\
\xde\xabO\xda0\xf6\xadj\x8b\xbf\xb4\x87\x86\x97\xc6\x9e\
\x15\xd3\xfcsj\x8b\xf6\x8f\x96\xc3YD\xfe\x19U~\
I\x7f\xe0K\xf2\xff\x00\xdf5\xe2\xd5\xf47\xc2\xbdb\
\xd6k\xcb\xcf\x0f\xea\xad\xbbG\xf1$_c\xb8\xff\x00\
\xa6n\xdfq\xff\x00\xdeV\xaf\x0e\xf1\xe7\x82\xef\xbe\x1f\
\xf8\xc2\xff\x00E\xbe]\xb7:|\xad\x11;~Y\x17\
\xf8]\x7f\xd9e\xda\xdf\xf0*\xf3\xf3\x8c72X\xa8\
\xf5\xdf\xd7\xfe\x0e\xff\x00y\xe3\xf16\x0dO\x930\xa7\
\xf6\xb4\x9f\xf8\xbf\xe0\xad}neQI\xf3{Q\xf3\
{W\x84|\x88\xb4R|\xde\xd4|\xde\xd4\x00\xb4R\
|\xde\xd4|\xde\xd4\x00\xb4R|\xde\xd4|\xde\xd4\x00\
\x91\xfd\xc1N\xa8\xe3\xdd\xe5\xaf\xdd\xa7\xfc\xde\xd4\x00\xb4\
R|\xde\xd4|\xde\xd4\x00\xb4R|\xde\xd4|\xde\xd4\
\x00\xb4R|\xde\xd4|\xde\xd4\x00\xb5\xec\xdf\xb2\xef\x87\
\x13\xc2\xfan\xab\xe3\xab\xe8\x95\x97MV\xb3\xd2\xd1\xd7\
\xfde\xd3\xaf\xcc\xdf\xf0\x15\xff\x00\xd0\x9a\xbc\x8f\xc3\xbe\
\x1f\xbc\xf1F\xbbg\xa6\xd8\xc7\xe7]_J\xb0D\x9f\
\xed3m\xaf|\xf8\x91qm\xe1\xdb}7\xc2z[\
\xabi\xfe\x1b\x8b\xc8g\x1f\xf2\xf1p\xdf\xeb_\xfe\xfa\
\xff\x00\xd9\xab\xdc\xc9\xa8r\xb7\x8a\x97\xd9\xdb\xd7\xfe\x06\
\xff\x00q\xf5\x9c3\x86\x8cf\xf1\xd56\xa7\xb7\xf8\x9e\
\xdfv\xff\x00ws\x0e{\xe7\xbc\xb8y%\x7f2I\
\x18\xbb9\xfe&jo\x9dT\xfc\xc6\xf5Z<\xc6\xf5\
Z\xf4}\xabz\x9e\xdb\xac\xdb\xbb.y\xd4y\xd5O\
\xccoU\xa3\xccoU\xa5\xed\x05\xed\x0b\x9eu\x1eu\
S\xf3\x1b\xd5h\xf3\x1b\xd5h\xf6\x81\xed\x0b\x9eu\x1e\
uS\xf3\x1b\xd5h\xf3\x1b\xd5h\xf6\x81\xed\x0b^w\
\xcc\xd4\xef:\xa8\x89\x1bs|\xcbN\xf3\x1b\xd5h\xf6\
\x81\xed\x0b\x9eu\x1euS\xf3\x1b\xd5h\xf3\x1b\xd5h\
\xf6\x81\xed\x0b\x9eu\x1euS\xf3\x1b\xd5h\xf3\x1b\xd5\
h\xf6\x81\xed\x0dM\x1fZ\x9bC\xd5-o }\x93\
Z\xba\xca\x87\xfd\xa5j\xe7\xff\x00j\x8f\x07\xc3\xa5\xf8\
\xe2\xdf^\xb0M\xba_\x8a\xa0\xfb|X\xfb\xb1\xcb\xff\
\x00-S\xfd\xed\xdf7\xfc\x0a\xaey\x8d\xea\xb5\xbf\xae\
i\xad\xf1\x13\xf6}\xd5\xac\x15U\xef\xfc+/\xf6\xa5\
\xaf\xf7\xbc\x96\xf9f_\xf8\x0f\xde\xaa\xa9O\xeb\x18y\
Q\xeb\xba\xf5_\xf0.]j?[\xc1T\xc3u\xf8\
\x97\xaa\xdf\xefW\xf9\xd8\xf0J)>oj>oj\
\xf9\x13\xf3ah\xa4\xf9\xbd\xa8\xf9\xbd\xa8\x01h\xa4\xf9\
\xbd\xa8\xf9\xbd\xa8\x01h\xa4\xf9\xbd\xa8\xf9\xbd\xa8\x01h\
\xa4\xf9\xbd\xa8\xf9\xbd\xa8\x00\x1f\xeb\x16\x96\x987y\x8b\
O\xa0\x02\x8a(\xa0\x02\x8a(\xa0\x02\x8a(\xa0\x02\x8a\
(\xa0\x02\x8a(\xa0\x02\x8a(\xa0\x02\x8a(\xa0\x02\x8a\
(\xa0\x06\xcf\xfe\xad\xff\x00\xdd\xa2?\xb8(\x9f\xfd[\
\xff\x00\xbbD\x7fpP\x03\xa8\xa2\x8a\x00(\xa2\x8a\x00\
(\xa2\x8a\x00(\xa2\x8a\x00+\xda?g\x9d?\xfe\x10\
\xbf\x86~$\xf1l\x9f%\xcd\xe0\xfe\xc6\xd3\x8e\xdf\x9b\
s|\xd2\xb2\xff\x00\xba\xbb\x7f\xef\x96\xaf\x1b\x82\x17\xb8\
\x99#Egy\x1bj\x81\xf7\x99\xab\xde>-F\x9e\
\x0b\xd1\xfc?\xe0\xdbv]\xbe\x1f\xb3W\xbc\xd9\xfcW\
R\xfc\xee\xdf\xf8\xf7\xfe=^\xd6O\x0eW,L\xbe\
\xce\xde\xaf\xfao\xe4}O\x0c\xd3\xf6n\xa66_e\
i\xfe'\xa2\xfb\x95\xdf\xc8\xe5w\xd1\xbe\xa9\xef\xa3}\
t{S\xb7\xda\xb7\xb9s}\x1b\xea\x9e\xfa7\xd1\xed\
\x03\xda\x177\xd1\xbe\xa9\xef\xa3}\x1e\xd0=\xa1s}\
5d\xfb\xdf\xefU]\xf4\x8b7\xde\xa9\xf6\x81\xed\x0b\
\xbb\xe8\xdfT\xf7\xd1\xbe\xab\xda\x07\xb4.o\xa3}S\
\xdfF\xfa=\xa0{B\xe6\xfa7\xd5=\xf4o\xa3\xda\
\x07\xb4.o\xa3}S\xdfF\xfa=\xa0{B\xe6\xfa\
7\xd5=\xf4o\xa3\xda\x07\xb4.o\xab\x1aN\xb9s\
\xa1\xeap\xdeY\xcd%\xbd\xcd\xbby\x89\x22}\xe5j\
\xcb\xdfF\xfa#RQ\x974J\x8e\x22P\x974N\
\xcb\xc6\x9e\x03\xb0\xfd\xa2-\xe6\xd4\xb4x\xed\xf4\xdf\x1a\
F\xbb\xee\xac\x83yqj\xdb~\xf3\xc5\xfd\xd9\x7f\xd9\
\xfe/\xfcz\xbc6\xfa\xc6m.\xf2Kk\x88d\xb7\
\xb8\x85\xb6<r.\xd6\x8d\x97\xf8XW\xa2Z\xea\x12\
Y\x5c$\xd0\xc9$3F\xdb\x91\xd1\xb6\xb2\xb7\xf7\xab\
\xb2\xd4\xef<;\xf1\xe2\xd6;\x7f\x124z/\x89#\
M\x90kq\xaf\xee\xae6\xfd\xd5\xb8_\xfd\x9b\xff\x00\
A\xaa\xc4a\xe1\x8c\xd5{\xb5?\x07\xfeO\xf0c\xc6\
`hf+\x9e-B\xb7\xdc\xa5\xfeO\xf0~O\x7f\
\x03\xa2\xbaO\x89\x1f\x0au\xbf\x85z\xb7\xd9u[V\
D\x93\xe6\x82\xe6?\xdeAp\xbf\xdeG\xfe/\xfd\x0a\
\xb9\xba\xf9\xfa\xd4gJn\x13Vh\xf8\xecF\x1e\xae\
\x1en\x9def\xba0\xa4\xff\x00\x96\xdf\xf0\x1aZO\
\xf9m\xff\x00\x01\xac\xceqh\xa2\x8a\x00*\xd6\x87\xa1\
\xdex\x93V\xb7\xb0\xb0\xb6\x9a\xea\xf2\xe9\xf6E\x14k\
\xb9\x99\xab\xa0\xf8g\xf0oZ\xf8\xa9x\xdf`\x85m\
\xec-\xff\x00\xe3\xe2\xfe\xe1\xbc\xbbku\xfe\xf3?\xfe\
\xca\xb5\xe9\x96z\xe6\x89\xf0gI}?\xc2R5\xe6\
\xb1p\xad\x1d\xee\xbd\x22m\x93o\xf1%\xba\xff\x00\x02\
\xff\x00\xb5\xff\x00\xd8\xd7\xa7\x83\xcb\x5c\xd7\xb4\xad\xee\xc7\
\xf3\xf4\xfe\xac}\x06]\x91\xce\xaaU\xf1/\x92\x9f~\
\xaf\xfc+\xaf\xae\xcb\xa9/\x86\xfc7c\xfb7\xe9\xee\
\xfb\xad\xf5\x0f\x1d\x5c##J\x9f\xbc\x8bCF_\x99\
S\xfb\xd2\xb2\xfd\xe6\xfe\x1f\xbb\xf7wo\xe6./\x1e\
\xe2\xe1\xe4\x91\xdaI$fgwm\xcc\xcd\xfd\xe6\xaa\
2\x5c4\x923\xbb336\xe6cF\xfa\xf4\xeab\
\x15\x94 \xad\x05\xb2\xfe\xba\x9e\xf5\x5cTyU\x1a*\
\xd0[/\xd5\xf7o\xab\xfd,\x8b\x9b\xe8\xdfT\xf7\xd1\
\xbe\xb3\xf6\x87?\xb4.o\xa3}S\xdfF\xfa=\xa0\
{B\xe6\xfa7\xd5=\xf4o\xa3\xda\x07\xb4.o\xa3\
}S\xdfF\xfa=\xa0{B\xe6\xfa7\xd5=\xf4o\
\xa3\xda\x07\xb4.o\xa6\xc9'\xdd\xff\x00z\xaa\xef\xa4\
i\xbe\xedO\xb4\x0fh]\xdfF\xfa\xa7\xbe\x8d\xf5^\
\xd0=\xa1s}\x1b\xea\x9e\xfa7\xd1\xed\x03\xda\x177\
\xd1\xbe\xa9\xef\xa3}\x1e\xd0=\xa1s}\x1b\xea\x9e\xfa\
7\xd1\xed\x03\xda\x177\xd6\xf7\xc7M\x1f\xfe\x16\x87\xc2\
\xfb\x0f\x17B\xbb\xf5]\x0fn\x9d\xab\xe3\xefH\x9f\xf2\
\xcav\xff\x00\xd0\x7f\xe0_\xec\xd7+\xbe\xba\x8f\x84\xfe\
.\xb6\xd0<A%\x9e\xa4\xbef\x8b\xadD\xd6W\xe8\
~\xee\xc7\xf9w\xff\x00\xc0[\xe6\xff\x00\xbe\xab|=\
ER.\x85M\xa7\xf8>\x8f\xfa\xe8va\xaaB\xac\
e\x84\xad\xa4*i\xe8\xfa?\x93\xfc.x\x8d\x15\xbd\
\xf13\xc0w?\x0c\xfcq\xa8h\xb7?3Y\xbf\xee\
\xa4\xfe\x19\xa2o\x99\x1d\x7f\xde]\xb5\x83_5R\x9c\
\xa9\xcd\xc2{\xa3\xe0\xf1\x18y\xd0\xaa\xe9TVkF\
\x14QEfb\x14QE\x00\x14QE\x006?\xb8\
)\xd4\xd8\xfe\xe0\xa7P\x01E\x14P\x01E\x14P\x01\
E\x15\xb1\xe0?\x05\xde|D\xf1\x85\x86\x8db\xbb\xae\
/\xa5T\xce\xdf\x965\xfe'o\xf6Uw7\xfc\x06\
\xae\x9d'9*p\xdd\x9aQ\xa3:\xb5\x15*j\xee\
G\xa6~\xcf:\x1ax\x0f\xc1\xfa\x97\x8en\x91~\xd4\
\xdb\xb4\xfd\x11\x0f\xfc\xf5e\xf9\xe5\xff\x00\x80\xaf\xcb\xff\
\x00}Vl\x97\x0d$\x8c\xee\xcc\xcc\xcd\xb9\x98\xd6\xf7\
\xc5\x7f\x12Z\xdcj\x16\xba&\x94\xdbtO\x0e\xc5\xf6\
+?\xfah\xcb\xf7\xe5\xff\x00y\x9a\xb9]\xf5\xf4\xf5\
yiEP\x86\xd0\xfc_W\xfdt>\xf6\xb7&\x1e\
\x9c0t\xf5Q\xfc_W\xfa/$\x8b\x9b\xe8\xdfT\
\xf7\xd1\xbe\xb9\xfd\xa1\xc9\xed\x0b\x9b\xe8\xdfT\xf7\xd1\xbe\
\x8fh\x1e\xd0\xb9\xbe\x8d\xf5O}\x1b\xe8\xf6\x81\xed\x0b\
\x9b\xe8\xdfT\xf7\xd1\xbe\x8fh\x1e\xd0\xb5\xe6|\xcdN\
\xdfT|\xef\x9d\xa9\xdb\xea}\xa0{B\xe6\xfa7\xd5\
=\xf4o\xaa\xf6\x81\xed\x0b\x9b\xe8\xdfT\xf7\xd1\xbe\x8f\
h\x1e\xd0\xb9\xbe\xba?\x84\xbe(\x8f\xc3>:\xb3\x92\
\xe5U\xecn\xb7Y\xdd!\xfb\xad\x13\xfc\xad\xbb\xff\x00\
B\xff\x00\x80\xd7!\xbe\x8d\xf5tq\x0e\x13R]\x0d\
\xf0\xf8\xb7J\xa2\xa9\x1d\xd1\xcb\xfcP\xf0\x5c\x9f\x0e\xfe\
 \xea\xda+\xff\x00\xcc>\xe1\x91\x0f\xf7\x93\xef#\x7f\
\xc0\x95\x96\xb0k\xd7?i\x0b?\xf8J<7\xe1\x7f\
\x17\x22\xee\x92\xf2\xdf\xfb6\xfc\xff\x00\xd3\xc4\x1ft\xb7\
\xfbM\x1f\xfe\x83^G^Ne\x87Tq\x0e\x11\xdb\
u\xe8\xf5G\xccgxE\x87\xc6J\x9c~\x1d\xd7\xa3\
\xd5~\x01E\x14W\x01\xe4\x85\x14Q@\x05\x14Q@\
\x05\x14Q@\x08?\xd6-- \xff\x00X\xb4\xb4\x00\
QE\x14\x00QE\x14\x00QE\x14\x00QE\x14\x00\
QE\x14\x00QE\x14\x00QE\x14\x00QE\x14\x00\
\xd9\xff\x00\xd5\xbf\xfb\xb4G\xf7\x05\x13\xff\x00\xab\x7f\xf7\
h\x8f\xee\x0a\x00u\x14Q@\x05\x14Q@\x05\x14Q\
@\x05\x14Q@\x1e\x81\xfb3\xf8^\x1d{\xe2\xa5\xb5\
\xe5\xe2\xff\x00\xc4\xb7\xc3\xf1>\xadtJ\xfc\xbbb]\
\xcb\xff\x00\x916\xd5\x8f\x14x\x92o\x14x\x8a\xf7R\
\xb8o\xdf^N\xf2\xb7\xfb;\x9b\xee\xd6\xa7\x81\xed\xff\
\x00\xe1\x03\xfd\x9d\xef\xef\xfe\xe5\xe7\x8c/~\xc7\x11\xfe\
/\xb2\xc1\xf3;\x7f\xc0\xa4\xf9k\x91\xfbM}\x07\xf0\
\xb0\xd4\xe8\xf5z\xbf\x9e\xdf\x87\xe6}\x8f\xfb\xb6\x06\x96\
\x1f\xab\xf7\x9f\xcfo\xc3_\x99s}\x1b\xea\x9f\xdah\
\xfbMs\xfbC\x93\xda\x177\xd1\xbe\xa9\xfd\xa6\x8f\xb4\
\xd1\xed\x03\xda\x177\xd1\xbe\xa9\xfd\xa6\x8f\xb4\xd1\xed\x03\
\xda\x177\xd2,\xdfz\xaa}\xa6\x91n3\xff\x00}\
Q\xed\x03\xda\x17w\xd1\xbe\xa9\xfd\xa6\x8f\xb4\xd1\xed\x03\
\xda\x177\xd1\xbe\xa9\xfd\xa6\x8f\xb4\xd1\xed\x03\xda\x177\
\xd1\xbe\xa9\xfd\xa6\x8f\xb4\xd1\xed\x03\xda\x177\xd1\xbe\xa9\
\xfd\xa6\x8f\xb4\xd1\xed\x03\xda\x177\xd1\xbe\xa9\xfd\xa6\x8f\
\xb4\xd1\xed\x03\xda\x177\xd1\xbe\xa9\xfd\xa6\x8f\xb4\xd1\xed\
\x03\xda\x177\xd1\xbe\xa9\xfd\xa6\x8f\xb4\xd1\xed\x03\xda\x1d\
\xa7\x85~0j^\x1d\xd2\xdbM\xb9K}cE\x93\
\xe5}>\xfd<\xd8\xb6\xff\x00\xb3\xfd\xdf\xf8\x0dG\xa8\
|5\xf07\xc4\x09\x9am+X\x9b\xc27\x92|\xcd\
e~\x8d=\xae\xef\xf6&_\x99W\xfd\xea\xe3\xfe\xd3\
G\xdak\xa3\xeb\x9c\xc9B\xaa\xe7^\x7f\xa3\xdc\xec\xfe\
\xd1\xe7\x8a\xa7\x89\x82\xa9\x15\xdf\xa7\xa3Z\xaf\xbe\xdeG\
S\xa7\xfe\xc5\xbe?\xf1\x16\xbdaa\xa1\xe9\xf6~!\
:\xa5\xc2Z\xda\xcb\xa7\xdf\xc5$S;\xb2\xaa\xaa\xee\
eo\xbc\xcb\xfc5\xf6_\xc5/\xf87\xea\xc7\xc3^\
\x18\xf1\xae\x8f\xe1?\x8e\x1aw\x8c\xfe2|;\xd1\xe4\
\xd65\xbf\x08\x8f\x0a]\xd8\xd9I\x14*\xaf<V\x9a\
\x8c\xaf\xe5M*\x06\xfb\xbbWv\xed\xbf\xbb\xda\xd5\xf0\
\xef\x85|a\xa9x\x1f\xc4\x96:\xb6\x95y5\x8e\xa1\
\xa5\xdc%\xd5\xac\xf1\xfd\xe8\xe5F\xdc\x8d\xff\x00\x01e\
\xaf\xb9>(\xff\x00\xc1u.<k\xe1_\x19_h\
\xbf\x07<\x1f\xe1O\x8a\xdf\x11\xb4Y4/\x11\xf8\xce\
\xd3S\xbb\x98\x5cC2\x08\xe7k{'>U\xbc\xae\
\xa9\xf7\xc31\xff\x00z\xbc\xdc]:N_\xb8M|\
\xd6\xff\x00v\xdf\x89\xc3Z\x86\x01\xcb\x9a\x11\x92\xf9\xa7\
\xaf\xdc\xb4\xfb\xcf\x8am?d\xdf\x15G\xb6Mi\xb4\
\x9f\x0d\xda\xff\x00\xcf}F\xfd\x15\x7f\xe0*\x8c\xcd\xba\
\xb64\xbf\x05\xfc=\xf8o\xfb\xeb\xab\xbb\x8f\x1cjK\
\xf7`\x8d\x1a\xda\xc66\xff\x00i\x9b\xe6\x7f\xfd\x06\xb8\
\x99/\x1ei7;3\xb7\xa9m\xd4\xdf\xb4\xd7\xa1N\
\xa6\x1a\x97\xbdF\x1e\xf7\x9e\xbf\xe4\xbf\x03\xb6\x9dl\x0d\
\x0fz\x85\x1f{\xbc\x9f7\xe1d\xbe\xf4\xce\xc3\xc6\x9f\
\x175O\x1aZ\xa5\x9b\xfd\x9fO\xd2\xa1\xff\x00U\xa7\
\xd9\xa7\x95m\x1f\xf7~U\xfb\xdf\xf0*\xe6\xf7\xd5?\
\xb4\xd1\xf6\x9a\x9a\x98\x89\xd5|\xf3wfX\x8cuJ\
\xd2\xe6\xa8\xee\xcb\x9b\xe8\xdfT\xfe\xd3G\xdak?h\
c\xed\x0b\x9b\xe8\xdfT\xfe\xd3G\xdah\xf6\x81\xed\x0b\
\x9b\xe8\xdfT\xfe\xd3G\xdah\xf6\x81\xed\x0b\x9b\xe8\xdf\
T\xfe\xd3G\xdah\xf6\x81\xed\x0b\x9b\xe8\xdfT\xfe\xd3\
G\xdah\xf6\x81\xed\x0b\x9b\xe8\xdfT\xfe\xd3G\xdah\
\xf6\x81\xed\x0b\x9b\xe9\x1ao\xbbU>\xd3H\xd7\x1fw\
\xfd\xea=\xa0{B\xee\xfa7\xd5?\xb4\xd1\xf6\x9a=\
\xa0{B\xe6\xfa7\xd5?\xb4\xd1\xf6\x9a=\xa0{B\
\xe6\xfa7\xd5?\xb4\xd1\xf6\x9a=\xa0{B\xe6\xfa7\
\xd5?\xb4\xd1\xf6\x9a=\xa0{B\xe6\xfa7\xd5?\xb4\
\xd1\xf6\x9a=\xa0{S\xbb\xf1\xf6\x9e\xbf\x17>\x0b\xc7\
\xab'\xcf\xafx4-\xbd\xd7\xfc\xf4\xb8\xb2o\xb8\xff\
\x00\xedlo\xfd\x9a\xbcZ\xbdG\xe1\x7f\x8f\x9b\xc0>\
0\xb7\xbcq\xe7X\xc8\xado{\x07\xf0\xcd\x03\xfc\xae\
\xbf\xe7\xfb\xb5\xce|n\xf8o\xff\x00\x0a\xd3\xc7SZ\
\xdb\xbf\x9d\xa4\xde\x22\xdei\xd3\xff\x00\x0c\xd6\xef\xf3/\
\xcd\xfe\xcf\xdd\xff\x00\x80\xd5c\xa9\xfbjK\x13\x1d\xd6\
\x8f\xf4\x7f=\xbe^f\x99\xcd/\xac\xd1X\xe8n\xb4\
\x9f\xe8\xfekG\xe6\xbc\xceF\x8a(\xaf\x14\xf9P\xa2\
\x8a(\x00\xa2\x8a(\x01\xb1\xfd\xc1N\xa6\xc7\xf7\x05:\
\x80\x0a(\xa2\x80\x0a(\xa2\x80\x0a\xf6/\x86v?\xf0\
\xaa>\x14\xdcx\x82E\xd9\xad\xf8\xa9^\xcfN\xfe\xf5\
\xbd\xaa\xff\x00\xad\x97\xfd\x9d\xcd\xf2\xadq?\x06~\x1b\
\xb7\xc4\xcf\x1bCg#\xfd\x9fM\xb5V\xba\xd4n?\
\x86\xde\xdd>go\xfd\x97\xfe\x05]\x17\xc4\xcf\x1c\x7f\
\xc2m\xe2\xa9\xae!O\xb3\xd8[\xaa\xdb\xd9[\x8f\xbb\
on\x9f*/\xf9\xfe\xf5{8\x0a~\xc6\x0f\x11-\
\xf6_\xab\xf9~o\xc8\xfal\x9e\x9a\xc3Qx\xe9o\
-!\xeb\xd5\xfc\x96\x8b\xcd\xf9\x19{\xe8\xdfT\xfe\xd3\
G\xdai{@\xf6\xbdK\x9b\xe8\xdfT\xfe\xd3G\xda\
h\xf6\x81\xed\x0b\x9b\xe8\xdfT\xfe\xd3G\xdah\xf6\x81\
\xed\x0b\x9b\xe8\xdfT\xfe\xd3G\xdah\xf6\x81\xed\x0b\x9b\
\xe8\xdfT\xfe\xd3G\xdah\xf6\x81\xed\x0b^w\xce\xd4\
\xed\xf5K\xed\x1f3R\xfd\xa6\x8fh\x1e\xd0\xb9\xbe\x8d\
\xf5O\xed4}\xa6\x8fh\x1e\xd0\xb9\xbe\x8d\xf5O\xed\
4}\xa6\x8fh\x1e\xd0\xb9\xbe\x8d\xf5O\xed4}\xa6\
\x8fh\x1e\xd0\xef<\x1fo\xff\x00\x09\xc7\xc2\xbf\x16x\
e\xbey\xa3\x81u\x9b!\xfc^l\x1f}W\xfd\xa6\
\x8f\xe5\xaf\x15\xafQ\xf8K\xe3\x05\xf0o\xc4m'P\
v\xff\x00G\x8euI\xb3\xf7|\xa7\xf9\x1fw\xfc\x05\
\x8dr\x9f\x18<\x16\xdf\x0e\xfe&kZN\xdd\xb1Z\
\xdc7\x91\xf2\xff\x00\xcb&\xf9\x93\xff\x00\x1daU\x98\
~\xf3\x0f\x1a\xdd\xb4\xfdW\xeb\xf7\x15\x9cG\xdb\xe0\xe9\
b:\xc3\xdd\x7f\x9a\xff\x00\xdb\xbe\xe3\x99\xa2\x8a+\xc5\
>\x5c(\xa2\x8a\x00(\xa2\x8a\x00(\xa2\x8a\x00A\xfe\
\xb1ii\x07\xfa\xc5\xa5\xa0\x02\x8a(\xa0\x02\x8a(\xa0\
\x02\x8a(\xa0\x02\x8a(\xa0\x02\x8a(\xa0\x02\x8a(\xa0\
\x02\x8a(\xa0\x02\x8a\x9a=>\xe2k9.c\xb7\x99\
\xadaeIe\x08\xdb#f\xdd\xb5Y\xbf\x87v\xd6\
\xff\x00\xbej\xc6\xad\xe1\xadCA\x8e\xdaK\xeb\x0b\xcb\
\x14\xbcO6\xdd\xee h\xd6d\xf5M\xcb\xf3/\xfb\
\xb4\x01\x9f?\xfa\xb7\xff\x00v\x88\xfe\xe0\xa2\x7f\xf5o\
\xfe\xed\x11\xfd\xc1@\x0e\xa2\x8a(\x00\xa2\x8a(\x00\xa2\
\x8a(\x00\xa9,\xed$\xd4/!\xb7\x857\xcdp\xea\
\x88\x83\xf8\x99\x9bj\xadG^\x8b\xfb-\xf8~\x1dS\
\xe2\xc5\xbe\xa1x\xbf\xe8\x1e\x1d\xb7\x97V\xb8;~U\
X\x97\xe5\xff\x00\xc8\x8c\xbf\xf7\xcdt`\xe8{Z\xd1\
\xa5\xdd\x9d\xb9n\x15\xe2q4\xe8\xae\xae\xc6\xf7\xed\x01\
q\x1e\x87\xaei^\x18\xb6m\xf6\xde\x15\xb0\x8a\xcd\xb1\
\xf7Zf]\xf2\x9f\xf8\x132\xff\x00\xdf5\xc0y\xf5\
c\xc4:\xe4\xde$\xd7\xaf\xb5\x0b\x86\xdd5\xf4\xef;\
\xff\x00\x17\xcc\xcc\xcdT\xbeoj\xee\xc6W\xf6\x95\x9c\
\x96\xdd=:\x1e\xcea\x88u\xb12\x9c6\xe9\xe9\xd3\
\xf0%\xf3\xe8\xf3\xea/\x9b\xda\x8f\x9b\xda\xb9\xf9\x8e>\
b_>\x8f>\xa2\xf9\xbd\xa8\xf9\xbd\xa8\xe6\x0eb_\
>\x8f>\xa2\xf9\xbd\xa8\xf9\xbd\xa8\xe6\x0eb_>\x9a\
\xb7?{\xfd\xeag\xcd\xedLO\xebG0s\x16<\
\xfa<\xfa\x8b\xe6\xf6\xa3\xe6\xf6\xa3\x989\x89|\xfa<\
\xfa\x8b\xe6\xf6\xa3\xe6\xf6\xa3\x989\x89|\xfa<\xfa\x8b\
\xe6\xf6\xa3\xe6\xf6\xa3\x989\x89|\xfa<\xfa\x8b\xe6\xf6\
\xa3\xe6\xf6\xa3\x989\x89|\xfa<\xfa\x8b\xe6\xf6\xa3\xe6\
\xf6\xa3\x989\x89|\xfa<\xfa\x8b\xe6\xf6\xa3\xe6\xf6\xa3\
\x989\x89|\xfa<\xfa\x8b\xe6\xf6\xa3\xe6\xf6\xa3\x989\
\x89|\xfa<\xfa\x8b\xe6\xf6\xa3\xe6\xf6\xa3\x99\x873%\
\xf3\xe9>\xd1\xfb\xca\x8f\xe6\xf6\xa6g\xf7\xb4s\x073\
,y\xf4y\xf5\x17\xcd\xedG\xcd\xedG0s\x12\xf9\
\xf4y\xf5\x17\xcd\xedG\xcd\xedG3\x0efK\xe7\xd1\
\xe7\xd4_7\xb5\x1f7\xb5\x1c\xc1\xccK\xe7\xd1\xe7\xd4\
_7\xb5\x1f7\xb5\x1c\xc1\xccK\xe7\xd1\xe7\xd4_7\
\xb5\x1f7\xb5\x1c\xc1\xccK\xe7\xd1\xe7\xd4_7\xb5\x1f\
7\xb5\x1c\xc1\xccK\xe7\xd1\xe7\xd4_7\xb5\x1f7\xb5\
\x1c\xc1\xccK\xe7\xd1\xe7\xd4_7\xb5\x1f7\xb5\x1c\xc1\
\xccK\xe7\xd3d\xb8\xfb\xbf\xefS>ojc\xff\x00\
Z9\x83\x98\xb1\xe7\xd1\xe7\xd4_7\xb5\x1f7\xb5\x1c\
\xc1\xccK\xe7\xd1\xe7\xd4_7\xb5\x1f7\xb5\x1c\xc1\xcc\
K\xe7\xd1\xe7\xd4_7\xb5\x1f7\xb5\x1c\xc1\xccK\xe7\
\xd1\xe7\xd4_7\xb5\x1f7\xb5\x1c\xc1\xccK\xe7\xd1\xe7\
\xd4_7\xb5\x1f7\xb5\x1c\xc1\xccK\xe7\xd7\xa0h\xb6\
\xcb\xf1\xaf\xe1%\xc7\x87\x9b\xe7\xf1\x0f\x86U\xeft\xa3\
\xfcW\x10\xff\x00\xcb[\x7f\xfd\x99k\xce\xbeoj\xbf\
\xe1\x7f\x12]x?\xc4Vz\xa5\x8b\xf9wV2\xac\
\xa8\xdf\xfb+\x7f\xb2\xdfv\xba\xb0x\x85\x09\xf2\xcb\xe1\
\x96\x8f\xd3\xfe\x06\xe8\xee\xcb\xf1*\x9c\xdc+k\x09\xe8\
\xfd?\xcdn\xbc\xd1\xc8\xd1^\x95\xf1\xfb\xc1v\xb2I\
g\xe3-\x12=\xba\x17\x89\x19\x9d\xe3\x1f\xf2\xe3u\xff\
\x00-bo\xf8\x16\xe6Z\xf3Z\xf3\xf1XwB\xab\
\xa6\xff\x00\xe1\xfc\xcf\x170\xc0\xcf\x0bY\xd2\x96\xbe}\
\xd7G\xf3AE\x14W9\xc2\x14QE\x006?\xb8\
)\xd4\xd8\xfe\xe0\xa7P\x01E\x14P\x01N\x8d\x1aI\
\x15\x11Y\x99\x9bj\x81\xf7\x9a\x9b^\xa5\xfb?\xf8^\
\xcf\xc3\xf67^<\xd7!Y4\xfd\x15\xb6i\xd6\xee\
\xbf\xf1\xfd{\xfc\x0a\xbf\xec\xa7\xde\xff\x00\xf6k\xab\x07\
\x85u\xea(m\xdd\xf6]Y\xdf\x96\xe0\x1e.\xba\xa4\
\x9d\xa3\xd5\xf6Kvkx\x92\xcd>\x05\xfc/\x8f\xc3\
+\xf2\xf8\x8b\xc4\x0a\x97\x9a\xcb\xed\xf9\xad\xe2\xfb\xd1[\
\xee\xff\x00\xc7\x9b\xff\x00\xb2\xaf;\xf3\xea\xc7\x88\xbcA\
u\xe2\xadr\xebR\xbe\x93\xce\xba\xbc\x95\xa5\x95\xff\x00\
\xdaj\xa5\xf3{Wv+\x10\xa7>X+B:/\
O\xebVz\xf9\x86%T\x9a\x8d\x15hCD\xbc\xbf\
\xcd\xee\xfc\xd9/\x9fG\x9fQ|\xde\xd4|\xde\xd5\xcb\
\xccq\xf3\x12\xf9\xf4y\xf5\x17\xcd\xedG\xcd\xedG0\
s\x12\xf9\xf4y\xf5\x17\xcd\xedG\xcd\xedG0s\x12\
\xf9\xf4y\xf5\x17\xcd\xedG\xcd\xedG0s\x12\xf9\xf4\
y\xf5\x17\xcd\xedG\xcd\xedG0s\x0f\xfbG\xcc\xd4\
\xef>\xab\xaf\xdfj\x7f\xcd\xedG0s\x12\xf9\xf4y\
\xf5\x17\xcd\xedG\xcd\xedG0s\x12\xf9\xf4y\xf5\x17\
\xcd\xedG\xcd\xedG0s\x12\xf9\xf4y\xf5\x17\xcd\xed\
G\xcd\xedG3\x0eb_>\xbb?\xda\x22\x15\xf1g\
\x83\xfc\x1b\xe2\xe5\xf9\x9e\xf2\xcd\xb4\xdb\xd3\xff\x00M\xa0\
m\xaa\xcd\xfe\xd3/\xfe\x83\x5c?\xcd\xed^\x87\xe0\xbb\
\x7f\xf8N>\x01\xf8\xbbA\xfb\xf7:;&\xb9f>\
\xf7\xdd\xf9&\xdb\xff\x00l\xff\x00\xf4*\xee\xc1\xfe\xf6\
\x15(w_\x8a\xd7\xfc\xd7\xcc\xf50\x11\xf6\xd4\xaa\xe1\
?\x9d]z\xc7_\xca\xeb\xe6x\xed\x14Q^\x19\xf2\
!E\x14P\x01E\x14P\x01E\x14P\x02\x0f\xf5\x8b\
KH?\xd6--\x00\x14QE\x00\x14QE\x00\x14\
QE\x00\x14QE\x00\x14QE\x00\x14QE\x00\x14\
QE\x00{\x1d\xbf\xf6=\xbf\xc0\xfb\xabk=[M\
\xb9\xb1\xb3\xbd\xd3\xe7\x9d\x12+\x88\xe5\x92f\xdf\xe6\xe7\
tJ\xbb\xbf\x85v\xb3.\xd8\xbe\xf7\xcd\xf3R\xf8\xc9\
\x05\xc6\x9f\xe1}w\xed\xea\xdb\xf5O\x11\xb5\xe6\x9a_\
\xfe^!\xd8\xfb\xa5O\xefF\xca\xd1|\xcb\xf2\xfc\xb5\
\xe54V>\xcb[\xdc\xaeb9\xb7yo\xf2\xff\x00\
\x0f\xf7\xa9\xd1\xee\xda\xbf-\x13\xff\x00\xab\x7f\xf7h\x8f\
\xee\x0a\xd8\x90\xc3z\x7f\xe3\xd4a\xbd?\xf1\xeau\x14\
\x00\xdc7\xa7\xfe=F\x1b\xd3\xff\x00\x1e\xa7Q@\x0d\
\xc3z\x7f\xe3\xd4a\xbd?\xf1\xeau\x14\x00\xdc7\xa7\
\xfe=^\xb1\xf0\xfd[\xc1\x7f\xb3\xbe\xbd\xaa\x15\xd9u\
\xe2\x8b\xd4\xd2\xe0\xfe\xf7\x93\x12\xef\x95\x97\xfd\x96o\x96\
\xbc\xa6\xbds\xe3d-\xe1]?\xc2\xfe\x15_\x97\xfb\
\x0fMIn\x13\xfe\x9e\xa7\xfd\xec\xbf\xfa\x12\xd7\xa9\x96\
\xfb\xb1\x9e#\xb2\xb7\xcd\xe9\xf9\x5c\xfa\x0c\x8e>\xcdU\
\xc5\xf6V^\xb2\xd3\xf2\xe68\x1c\xb5\x19j_\x9b\xda\
\x8f\x9b\xda\xb9\xceq2\xd4e\xa9~oj>oj\
\x00L\xb5\x19j_\x9b\xda\x8f\x9b\xda\x80\x13-FZ\
\x97\xe6\xf6\xa3\xe6\xf6\xa0\x04\xcbSSw\xcd\xf2\xff\x00\
\x15?\xe6\xf6\xa6'\xf5\xa0\x07e\xa8\xcbR\xfc\xde\xd4\
|\xde\xd4\x00\x99j2\xd4\xbf7\xb5\x1f7\xb5\x00&\
Z\x8c\xb5/\xcd\xedG\xcd\xed@\x09\x96\xa3-K\xf3\
{Q\xf3{P\x02e\xa8\xcbR\xfc\xde\xd4|\xde\xd4\
\x00\x99j2\xd4\xbf7\xb5\x1f7\xb5\x00&Z\x8c\xb5\
/\xcd\xedG\xcd\xed@\x09\x96\xa3-K\xf3{Q\xf3\
{P\x02e\xa9>o3\xee\xd3\xbeojf\x7f{\
@\x0e\xcbQ\x96\xa5\xf9\xbd\xa8\xf9\xbd\xa8\x012\xd4e\
\xa9~oj>oj\x00L\xb5\x19j_\x9b\xda\x8f\
\x9b\xda\x80\x13-FZ\x97\xe6\xf6\xa3\xe6\xf6\xa0\x04\xcb\
Q\x96\xa5\xf9\xbd\xa8\xf9\xbd\xa8\x012\xd4e\xa9~o\
j>oj\x00L\xb5\x19j_\x9b\xda\x8f\x9b\xda\x80\
\x13-FZ\x97\xe6\xf6\xa3\xe6\xf6\xa0\x04\xcbS_w\
\xcb\xf2\xff\x00\x15?\xe6\xf6\xa6?\xf5\xa0\x07e\xa8\xcb\
R\xfc\xde\xd4|\xde\xd4\x00\x99j2\xd4\xbf7\xb5\x1f\
7\xb5\x00&Z\x8c\xb5/\xcd\xedG\xcd\xed@\x09\x96\
\xa3-K\xf3{Q\xf3{P\x02e\xa8\xcbR\xfc\xde\
\xd4|\xde\xd4\x00\x99j2\xd4\xbf7\xb5\x1f7\xb5\x00\
v\xff\x00\x07\xfcac\x1cw\xde\x17\xf1\x07\xfc\x8b\xde\
 \xf9%\x93\xef5\x8c\xdf\xc1:\xff\x00\xba\xdfz\xb8\
\x1f\x88\x1e\x08\xbf\xf8o\xe2\xcb\xcd\x1e\xfd6\xcdj\xff\
\x00+\x8f\xbb2\x7f\x0b\xaf\xfb,\xb5?\xcd\xed^\x9b\
\xe1\xbb\x8b\x7f\xda\x03\xc1\xf1\xf8WU\x9a\x1b\x7f\x12i\
\xa9\xff\x00\x12=B_\xf9xU\xff\x00\x97Y[\xff\
\x00Ao\xff\x00e\xbd\x08Eb\xa9*2\xf8\xe3\xb7\
\x9f\x97\xf9y\xe9\xd4\xf5\xa3\x08\xe3\xa8\xac4\xbf\x89\x1f\
\x87\xcf\xfb\xbf\xfc\x8f\x9e\x9dO\x11\xc3z\x7f\xe3\xd4a\
\xbd?\xf1\xea\xb7\xach\xf7^\x1f\xd5.,o\xad\xe4\
\xb6\xba\xb5v\x8aX\x9d~h\xd9~\xf2\xd5j\xf1e\
\x19F\x5c\xb2>RQ\x959rHn\x1b\xd3\xff\x00\
\x1e\xa3\x0d\xe9\xff\x00\x8fS\xa8\xa9 l{\xb6/\x14\
a\xbd?\xf1\xea#\xfb\x82\x9d@\x0d\xc3z\x7f\xe3\xd4\
a\xbd?\xf1\xeaujx7\xc1\xfa\x87\x8f\xbcIm\
\xa5iV\xedqyt\xdbQ\x07\xdd_\xef37\xf0\
\xaa\xff\x00z\xae\x9d79(CviJ\x94\xeaM\
S\xa6\xae\xd9\xa5\xf0\x9f\xe1\xbd\xd7\xc5\x0f\x14%\x9a7\
\xd9\xacm\xd7\xcf\xbf\xbc\x7f\xf5vp\xaf\xdev\xff\x00\
\xd9k\xa6\xf8\xb1\xe3\xbbo\x12\x5cY\xe9Z,2Z\
\xf8gCO\x22\xc2\x22\xdf4\x9f\xde\x95\xff\x00\xdav\
\xf9\xabG\xc7\x1a\xe5\x87\xc3\xaf\x0a\xb7\x82\xfc;u\xf6\
\x98\xf7\xef\xd6u\x08\xff\x00\xe6!:\xff\x00\x02\xff\x00\
\xd3$\xff\x00\xc7\xbf\xf4.\x07\xe6\xf6\xaf^\xa7.\x1a\
\x97\xb0\x86\xefw\xfaz/\xc5\xfa\x1fQ>\x5c\x15\x0f\
\xa9\xd2w\x9b\xf8\xdf\xfe\xda\xbc\x97^\xef\xc9\x09\x96\xa3\
-K\xf3{Q\xf3{W\x09\xe5\x89\x96\xa3-K\xf3\
{Q\xf3{P\x02e\xa8\xcbR\xfc\xde\xd4|\xde\xd4\
\x00\x99j2\xd4\xbf7\xb5\x1f7\xb5\x00&Z\x8c\xb5\
/\xcd\xedG\xcd\xed@\x09\x96\xa3-K\xf3{Q\xf3\
{P\x03\x17v\xe6\xf9i\xd9jj\xfd\xf6\xa7\xfc\xde\
\xd4\x00\x99j2\xd4\xbf7\xb5\x1f7\xb5\x00&Z\x8c\
\xb5/\xcd\xedG\xcd\xed@\x09\x96\xa3-K\xf3{Q\
\xf3{P\x02e\xab\xb4\xfd\x9e\xfcM\x1f\x86\xfe+i\
\xbfiU\xfb\x0e\xa4\xcdat\x0f\xddd\x95v\xfc\xdf\
\xf0-\xbf\xf7\xcdq\x9f7\xb5,R42+\xa32\
\xc8\xad\xb9H\xfe\x1a\xdf\x0fU\xd2\xaa\xaa.\x87V\x0b\
\x10\xf0\xf5\xe1Ytw*x\xf3\xc32x/\xc6\x9a\
\xae\x93\x22\xfc\xda}\xd3\xc1\xcb}\xe5V\xf9[\xfe\x04\
\xbbk#\x0d\xe9\xff\x00\x8fW\xa7~\xd3V\xff\x00\xdb\
\x1e \xd1<N\x8a\xaa\x9e(\xd2\xe2\xb8\x94\x8f\xf9\xf8\
E\xf2\xa5_\xfcu\x7f\xef\xaa\xf3:\xc3\x1f\x87T\xf1\
\x12\x8a\xdb\xa7\xa7O\xc0\xf3\xf3|:\xa3\x8b\xa9\x08\xed\
}=\x1e\xab\xf0\x1b\x86\xf4\xff\x00\xc7\xa8\xc3z\x7f\xe3\
\xd4\xea+\x8c\xf3F\xe1\xbd?\xf1\xea0\xde\x9f\xf8\xf5\
:\x8a\x00n\x1b\xd3\xff\x00\x1e\xa3\x0d\xe9\xff\x00\x8fS\
\xa8\xa0\x06\xfc\xdeb\xf1N\xa4\x1f\xeb\x16\x96\x80\x0a(\
\xa2\x80\x0a(\xa2\x80\x0a(\xa2\x80\x0a(\xa2\x80\x0a(\
\xa2\x80\x0a(\xa2\x80\x0a(\xa2\x80\x0a(\xa2\x80\x1b?\
\xfa\xb7\xff\x00v\x88\xfe\xe0\xa2\x7f\xf5o\xfe\xed\x11\xfd\
\xc1@\x0e\xa2\x8a(\x00\xa2\x8a(\x00\xa2\x8a(\x03\xb0\
\xf8\x07\xe0\xff\x00\xf8O>/hz{\xae\xeb\x7f\xb4\
\xac\xf3\xff\x00w\xcaO\x9d\xbf\xf1\xd5\xdb\xff\x00\x02\xab\
\x9f\x14<O\xff\x00\x09\xa7\xc4McTV\xdd\x1d\xe5\
\xd3\xb4_\xeen\xda\x9f\xf8\xea\xadm\xfe\xcf\x91\xff\x00\
\xc2+\xe0\x7f\x1ax\xa9\xfeY-l\x97K\xb3?\xf4\
\xdav\xda\xcc\xbf\xed*\xaf\xfe=\x5c?\xcd\xed^\xcc\
\xbfw\x83\x84?\x9d\xb7\xfa/\xd4\xfa\xae_a\x96R\
\xa7\xd6\xa3r\xf9/u\x7f\xed\xdfx|\xde\xd4|\xde\
\xd4|\xde\xd4|\xde\xd5\xc4y\xa1\xf3{Q\xf3{Q\
\xf3{Q\xf3{P\x01\xf3{Q\xf3{Q\xf3{Q\
\xf3{P\x01\xf3{Q\xf3{Q\xf3{Q\xf3{P\
\x01\xf3{S\x13\xfa\xd3\xfeojb\x7fZ\x00\x7f\xcd\
\xedG\xcd\xedG\xcd\xedG\xcd\xed@\x07\xcd\xedG\xcd\
\xedG\xcd\xedG\xcd\xed@\x07\xcd\xedG\xcd\xedG\xcd\
\xedG\xcd\xed@\x07\xcd\xedG\xcd\xedG\xcd\xedG\xcd\
\xed@\x07\xcd\xedG\xcd\xedG\xcd\xedG\xcd\xed@\x07\
\xcd\xedG\xcd\xedG\xcd\xedG\xcd\xed@\x07\xcd\xedG\
\xcd\xedG\xcd\xedG\xcd\xed@\x07\xcd\xedG\xcd\xedG\
\xcd\xedG\xcd\xed@\x07\xcd\xedL\xcf\xefi\xff\x007\
\xb53?\xbd\xa0\x07\xfc\xde\xd4|\xde\xd4|\xde\xd4|\
\xde\xd4\x00|\xde\xd4|\xde\xd4|\xde\xd4|\xde\xd4\x00\
|\xde\xd4|\xde\xd4|\xde\xd4|\xde\xd4\x00|\xde\xd4\
|\xde\xd4|\xde\xd4|\xde\xd4\x00|\xde\xd4|\xde\xd4\
|\xde\xd4|\xde\xd4\x00|\xde\xd4|\xde\xd4|\xde\xd4\
|\xde\xd4\x00|\xde\xd4|\xde\xd4|\xde\xd4|\xde\xd4\
\x00|\xde\xd4|\xde\xd4|\xde\xd4|\xde\xd4\x00|\xde\
\xd4\xc7\xfe\xb4\xff\x00\x9b\xda\x98\xff\x00\xd6\x80\x1f\xf3{\
Q\xf3{Q\xf3{Q\xf3{P\x01\xf3{Q\xf3{\
Q\xf3{Q\xf3{P\x01\xf3{Q\xf3{Q\xf3{\
Q\xf3{P\x01\xf3{Q\xf3{Q\xf3{Q\xf3{\
P\x01\xf3{Q\xf3{Q\xf3{Q\xf3{P\x01\xf3\
{Q\xf3{Q\xf3{Q\xf3{P\x01\xf3{S\xa0\
\x99\xed\xe6I#fG\x8d\xb7+\xa3me?\xde\xa6\
\xfc\xde\xd4|\xde\xd4m\xa8\xd3i\xdd\x1e\x9f\x04z\x7f\
\xed1\xa5-\x9e\xa1qo\xa7\xf8\xe6\xcd6Y\xdfI\
\xfb\xb8\xb5\x84_\xbb\x14\xbf\xf4\xd3\xfb\xad^A\xe2o\
\x0b\xea\x1e\x0f\xd6\xa6\xd3\xf5KY\xaco-\xdbk\xc5\
\x22\xedo\xf7\xbf\xda_\xf6\xabEY\x95\x95\x97\xe5j\
\xf4-'\xe3\x05\x87\x8c<?\x1e\x89\xe3\xab\x095k\
8We\xae\xa3\x13*\xea\x16?\xf0/\xe3_\xf6[\
\xff\x00\x1e\xafA\xbaX\xb8\xda\xa3\xe5\xa9\xdf\xa3\xf5\xf3\
\xf3\xfb\xfb\x9e\xadU\x87\xcc#j\xcf\x92\xaf\xf3t\x97\
\xf8\xbb?\xef}\xfd\xcf\x1d\xa2\xbdKT\xfd\x97\xaf\xb5\
\x8d=\xb5\x0f\x07\xea\x9a\x7f\x8a\xac>\xf7\x97\x13\xf9W\
\x91\xaf\xf7^&\xfe*\xe8\x7fd\xdf\xf8'g\xc4\xcf\
\xda\xff\x00\xe26\xa5\xe1\xed\x0fO\xb1\xf0\xed\xbe\x83\xa7\
K\xaa\xeb:\xdf\x8a'm+H\xd1m\x11\x95Z[\
\x8b\x87_\x95w\x11\xf2\xaa\xb3}\xe6\xdb\xb5Y\x97\xcd\
\xc4\xe0\xabPW\xa9\x1d;\xf4\xfb\xf6<<VO\x8c\
\xc3\xebV\x9b\xb7}\xd7\xc9\xad\x0f\x0a\x8f\xee\x0au}\
\x07\xfb]\x7f\xc13\xbe$~\xc7:\x87\x86[Po\
\x0d\xf8\xe7\xc3\xde3\xb7\x92\xe3@\xf1/\x82\xb5\x1f\xed\
\x8d\x1fV\xf2\x9dRA\x14\xca\x8a\xdb\x91\x88\xdc\x19W\
\xaf\xf1W\x1b\xa3\xfe\xcd\xef\xa1\xc6\xb7\x9e6\xd5\xac\xfc\
3g\xb7\x7f\xd97\xac\xba\x84\xcb\xfd\xd4\x89~\xef\xfc\
\x0b\xfb\xd58\x5c\x1dj\xeb\x9a\x9a\xd3\xbfO\xbc0\x99\
V/\x10\xff\x00w\x1d;\xec\x97\xabz\x1c7\x80\xfc\
\x07\xaa|H\xf1\x14:^\x93l\xd7\x173}\xe3\xf7\
c\x85\x7f\x89\xdd\xbf\x85V\xbdC\xc4\x1e \xd1\xfe\x0c\
\xf8f\xe7\xc3>\x13\xb9\xfb~\xab|\xbeV\xaf\xad\xa7\
\xcb\xe6/\xf1A\x0f\xf7c\xfe\xf3\x7f\x17\xfb_\xc3\x97\
\xe2\x7f\x8a\xd6\xf6\xfa\x0c\x9a\x0f\x84\xf4\xff\x00\xec\x1d\x0e\
O\x96s\xbbu\xe5\xf7\xfdu\x97\xfb\xbf\xec\xaf\xcb\x5c\
W\xcd\xed^\x94gK\x0b\x17\x1a.\xf3}\x7f\xcb\xfc\
\xcfj\x9c\xa8\xe0 \xe9\xe1\xdf=G\xbc\xfbyG\xf5\
{\xf6\xb7S\xe6\xf6\xa3\xe6\xf6\xa3\xe6\xf6\xa3\xe6\xf6\xae\
\x1fS\xcb\xf3\x0f\x9b\xda\x8f\x9b\xda\x8f\x9b\xda\x8f\x9b\xda\
\x80\x0f\x9b\xda\x8f\x9b\xda\x8f\x9b\xda\x8f\x9b\xda\x80\x0f\x9b\
\xda\x8f\x9b\xda\x8f\x9b\xda\x8f\x9b\xda\x80\x0f\x9b\xda\x8f\x9b\
\xda\x8f\x9b\xda\x8f\x9b\xda\x80\x0f\x9b\xda\x8f\x9b\xda\x8f\x9b\
\xda\x8f\x9b\xda\x80\x0f\x9b\xda\x8f\x9b\xda\x8f\x9b\xda\x8f\x9b\
\xda\x80\x18\xbf}\xa9\xff\x007\xb51~\xfbS\xfeo\
j\x00>oj>oj>oj>oj\x00>\
oj>oj>oj>oj\x00>oj>\
oj>oj>oj\x00>oj>oj>\
oj>oj\x00\xefu+_\xf8M?e\xb7e\
]\xd7>\x0f\xd5\xb7\x7f{m\xbd\xcf\xff\x00l\xff\x00\
\xd0k\xc8\xeb\xd8\xff\x00g]\x9a\xe6\xb1\xad\xf8bf\
U\x8f\xc5\x1a\x5c\xd6\xa9\x96\xdb\xfb\xe5\x0c\xe8\xdf\xf0\x1d\
\xad^?q\x0b\xdb\xcc\xf1\xba\xech\xdbk\x03\xfc-\
]Y\x87\xbfJ\x95o+}\xdf\xf0,u\xe7\x91\xf6\
\x94h\xe2{\xaeW\xeb\x1f\xfe\xd5\xa1\x94QEy'\
\xce\x05\x14Q@\x05\x14Q@\x08?\xd6-- \xff\
\x00X\xb4\xb4\x00QE\x14\x00QE\x14\x00QE\x14\
\x00QE\x14\x00QE\x14\x00QE\x14\x00QE\x14\
\x00QE\x14\x00\xd9\xff\x00\xd5\xbf\xfb\xb4G\xf7\x05\x13\
\xff\x00\xab\x7f\xf7h\x8f\xee\x0a\x00u\x14Q@\x05\x14\
Q@\x05\x14U\xef\x0d\xe8sx\xa3\xc4V\x1am\xba\
\xe6mB\xe1-\xd3\xfd\xe7e_\xfd\x9a\xaa\x9c\x5c\xe5\
\xca\x8d(\xd2s\x9ci\xc7y\x1e\xa1\xe2\x88\xff\x00\xe1\
\x0c\xfd\x9d\xfc%\xa3\xaf\xcbq\xaeO.\xb7t?\xd9\
\xfb\x91\x7f\xe3\xbf\xfa\x0dp\x1f7\xb5w\x7f\xb4\x86\xb1\
\x1d\xff\x00\xc5+\x9b;o\xf8\xf3\xd0\xe2\x8bK\xb7\x1f\
\xddX\x97k/\xfd\xf5\xba\xb8O\x9b\xda\xbd\x8c\xc2\xce\
\xab\x84v\x8e\x9fv\x87\xd4\xe7\x12K\x10\xe8\xc3jv\
\x8f\xdc\xad\xf8\xbdC\xe6\xf6\xa3\xe6\xf6\xa3\xe6\xf6\xa3\xe6\
\xf6\xae\x13\xca\x0f\x9b\xda\x8f\x9b\xda\x8f\x9b\xda\x8f\x9b\xda\
\x80\x0f\x9b\xda\x8f\x9b\xda\x8f\x9b\xda\x8f\x9b\xda\x80\x0f\x9b\
\xda\x8f\x9b\xda\x8f\x9b\xda\x8f\x9b\xda\x80\x0f\x9b\xda\x98\x9f\
\xd6\x9f\xf3{S\x13\xfa\xd0\x03\xfeoj>oj>\
oj>oj\x00>oj>oj>oj>\
oj\x00>oj>oj>oj>oj\x00\
>oj>oj>oj>oj\x00>oj\
>oj>oj>oj\x00>oj>oj\
>oj>oj\x00>oj>oj>oj\
>oj\x00>oj>oj>oj>oj\
\x00>ojf\x7f{O\xf9\xbd\xa9\x99\xfd\xed\x00?\
\xe6\xf6\xa3\xe6\xf6\xa3\xe6\xf6\xa3\xe6\xf6\xa0\x03\xe6\xf6\xa3\
\xe6\xf6\xa3\xe6\xf6\xa3\xe6\xf6\xa0\x03\xe6\xf6\xa3\xe6\xf6\xa3\
\xe6\xf6\xa3\xe6\xf6\xa0\x03\xe6\xf6\xa3\xe6\xf6\xa3\xe6\xf6\xa3\
\xe6\xf6\xa0\x03\xe6\xf6\xa3\xe6\xf6\xa3\xe6\xf6\xa3\xe6\xf6\xa0\
\x03\xe6\xf6\xa3\xe6\xf6\xa3\xe6\xf6\xa3\xe6\xf6\xa0\x03\xe6\xf6\
\xa3\xe6\xf6\xa3\xe6\xf6\xa3\xe6\xf6\xa0\x03\xe6\xf6\xa3\xe6\xf6\
\xa3\xe6\xf6\xa3\xe6\xf6\xa0\x03\xe6\xf6\xa6?\xf5\xa7\xfc\xde\
\xd4\xc7\xfe\xb4\x00\xff\x00\x9b\xda\x8f\x9b\xda\x8f\x9b\xda\x8f\
\x9b\xda\x80\x0f\x9b\xda\x8f\x9b\xda\x8f\x9b\xda\x8f\x9b\xda\x80\
\x0f\x9b\xda\x8f\x9b\xda\x8f\x9b\xda\x8f\x9b\xda\x80\x0f\x9b\xda\
\x8f\x9b\xda\x8f\x9b\xda\x8f\x9b\xda\x80\x0f\x9b\xda\x8f\x9b\xda\
\x8f\x9b\xda\x8f\x9b\xda\x80\x0f\x9b\xda\x8f\x9b\xda\x8f\x9b\xda\
\x8f\x9b\xda\x80\x0f\x9b\xda\x8f\x9b\xda\x8f\x9b\xda\x8f\x9b\xda\
\x80\x0f\x9b\xda\x8f\x9b\xda\x8f\x9b\xda\x8f\x9b\xda\x80\x1fk\
y6\x9fp\x93[\xc9$2F\xdb\x95\xe3fV_\
\xf8\x15}g\xff\x00\x04\xec\xff\x00\x82\x90\xda\xfe\xcd\x9a\
\x97\x8d\xbc;\xf1:\x0f\x16x\xa3\xe1\xef\xc4M\x13\xfb\
#Q\xfe\xc8\xba\x88j\xdal\x89 h\xae-\x8c\xfb\
\x91\x99p\xca\xc8\xff\x00+nV\xfe\x1d\xad\xf2O\xcd\
\xedG\xcd\xedU*\x93\xe5\xe4\xbbF\xf1\xc5V\xa6\xb9\
a&\xbd\x19\xf6O\xfc\x14\x13\xfe\x0aM\xe1\xbf\x8d?\
\x0c~\x1e\xfc5\xf87m\xe3\xcd\x07\xc0>\x01\x17\xb3\
\xff\x00h\xf8\x92\xee\x05\xd6\xf5\x9b\x9b\xb7\x129\x99m\
\x7ft\x88\x98*\x02}\xed\xc6\xbe8\x96g\xb8\x91\x9e\
Ggy\x1bs;\xb6\xe6j\x8a/\xf5KO\xf9\xbd\
\xaac9\xa8\xf2]\xbf\xf8\x22\xa9\x88\xa9QZro\
\xd4>oj>oj>oj>oj\x0cC\xe6\
\xf6\xa3\xe6\xf6\xa3\xe6\xf6\xa3\xe6\xf6\xa0\x03\xe6\xf6\xa3\xe6\
\xf6\xa3\xe6\xf6\xa3\xe6\xf6\xa0\x03\xe6\xf6\xa3\xe6\xf6\xa3\xe6\
\xf6\xa3\xe6\xf6\xa0\x03\xe6\xf6\xa3\xe6\xf6\xa3\xe6\xf6\xa3\xe6\
\xf6\xa0\x03\xe6\xf6\xa3\xe6\xf6\xa3\xe6\xf6\xa3\xe6\xf6\xa0\x03\
\xe6\xf6\xa3\xe6\xf6\xa3\xe6\xf6\xa3\xe6\xf6\xa0\x03\xe6\xf6\xa3\
\xe6\xf6\xa3\xe6\xf6\xa3\xe6\xf6\xa0\x06/\xdfj\x7f\xcd\xed\
L_\xbe\xd4\xff\x00\x9b\xda\x80\x0f\x9b\xda\x8f\x9b\xda\x8f\
\x9b\xda\x8f\x9b\xda\x80\x0f\x9b\xda\x8f\x9b\xda\x8f\x9b\xda\x8f\
\x9b\xda\x80\x0f\x9b\xda\x8f\x9b\xda\x8f\x9b\xda\x8f\x9b\xda\x80\
\x0f\x9b\xda\x8f\x9b\xda\x8f\x9b\xda\x8f\x9b\xda\x805<\x11\
\xe2G\xf0\x7f\x8c4\xbdR?\xbdct\x93q\xfcJ\
\xad\xf3/\xfd\xf3S\xfe\xd2\x9e\x17O\x09\xfcd\xd6\x12\
\xdfo\xd8\xef\x9do\xed\xc8\xfb\xac\x92\xae\xff\x00\x97\xfe\
\x04\xcc\xbf\xf0\x1a\xc4\xf9\xbd\xab\xb8\xf8\xdd\x1a\xf8\xab\xe1\
\x1f\x82|D\xbc\xdc[\xc4\xfa%\xd1\xfe-\xd16\xe8\
\xbeo\xf7wWm?\xdea'\x0e\xd6\x7f\xa3\xfc\xd7\
\xdczQ\x8f\xb7\xcb\xaa\xd2\xeb\x0bM~O\xf3O\xe4\
yE\x14Q^1\xf2\xa1E\x14P\x01E\x14P\x02\
\x0f\xf5\x8bKH?\xd6--\x00\x14QE\x00\x14Q\
E\x00\x14QE\x00\x14QE\x00\x14QE\x00\x14Q\
E\x00\x14QE\x00\x14W\xa7h\xb7\x97Z\xff\x00\xc3\
\xbdJ\xc3X\xb8\xbew\xd2\xde\xca_\xb3]\xc0\xb1A\
\xa7\xdb\xefT\xdd\x0f\xcd\xfe\xb1\xd5\xd7\xe5\xda\x9b\x97s\
nf\xab\x1f\x19..5\x0f\x0b\xeb\x9f\xda\x1b\x99\xb4\
\xbf\x11\xb5\x9e\x9a\x1f\xfe]\xe1\xd8\xfb\xa2O\xee\xc6\xaa\
\xb1|\xab\xf2\xd6>\xdb[\x15\xcay<\xff\x00\xea\xdf\
\xfd\xda#\xfb\x82\x92i?v\xff\x00+}\xda#\x93\
\xe5_\x95\xabbG\xd1M\xf3?\xd9j<\xcf\xf6Z\
\x80\x1dE7\xcc\xff\x00e\xa8\xf3?\xd9j\x00uz\
O\xec\xab\xa5\xc7'\xc5/\xed{\x95\xddg\xe1\xbb)\
\xb5I\x7f\xbb\xf2&\xd5\xff\x00\xc7\x99\x7f\xef\x9a\xf3O\
3\xfd\x96\xafZ\xf8o\x1f\xfc!\xff\x00\xb3\x9f\x89\xf5\
f]\x97\x1e\x22\xbd\x8bI\xb7?\xc5\xb1>yv\xff\
\x00\xb2\xdfw\xfe\x03^\x96S\x1f\xf6\x85Q\xed\x1d~\
\xef\xf8'\xb9\xc3\xb4\xaf\x8dUe\xb5;\xcb\xeeW_\
{\xb28\xddKP\x93T\xd4..\xa6m\xd3\x5cJ\
\xd2\xc8\x7f\xbc\xcc\xcc\xcdP|\xde\xd4\x99\xff\x00f\x8c\
\xff\x00\xb3Y\xcb\xde|\xc4\xd4\x9c\xa7>y\x0b\xf3{\
Q\xf3{Rg\xfd\x9a3\xfe\xcdI\x22\xfc\xde\xd4|\
\xde\xd4\x99\xff\x00f\x8c\xff\x00\xb3@\x0b\xf3{Q\xf3\
{Rg\xfd\x9a3\xfe\xcd\x00/\xcd\xedG\xcd\xedI\
\x9f\xf6h\xcf\xfb4\x00\xbf7\xb51?\xad;?\xec\
\xd3co\xbd\xf2\xff\x00\x15\x00?\xe6\xf6\xa3\xe6\xf6\xa4\
\xcf\xfb4g\xfd\x9a\x00_\x9b\xda\x8f\x9b\xda\x93?\xec\
\xd1\x9f\xf6h\x01~oj>ojL\xff\x00\xb3F\
\x7f\xd9\xa0\x05\xf9\xbd\xa8\xf9\xbd\xa93\xfe\xcd\x19\xff\x00\
f\x80\x17\xe6\xf6\xa3\xe6\xf6\xa4\xcf\xfb4g\xfd\x9a\x00\
_\x9b\xda\x8f\x9b\xda\x93?\xec\xd1\x9f\xf6h\x01~o\
j>ojL\xff\x00\xb3F\x7f\xd9\xa0\x05\xf9\xbd\xa8\
\xf9\xbd\xa93\xfe\xcd\x19\xff\x00f\x80\x17\xe6\xf6\xa6g\
\xf7\xb4\xec\xff\x00\xb3M\xdd\xfb\xcf\xbb@\x0f\xf9\xbd\xa8\
\xf9\xbd\xa93\xfe\xcd\x19\xff\x00f\x80\x17\xe6\xf6\xa3\xe6\
\xf6\xa4\xcf\xfb4g\xfd\x9a\x00_\x9b\xda\x8f\x9b\xda\x93\
?\xec\xd1\x9f\xf6h\x01~oj>ojL\xff\x00\
\xb3F\x7f\xd9\xa0\x05\xf9\xbd\xa8\xf9\xbd\xa93\xfe\xcd\x19\
\xff\x00f\x80\x17\xe6\xf6\xa3\xe6\xf6\xa4\xcf\xfb4g\xfd\
\x9a\x00_\x9b\xda\x8f\x9b\xda\x93?\xec\xd1\x9f\xf6h\x01\
~oj>ojL\xff\x00\xb3F\x7f\xd9\xa0\x05\xf9\
\xbd\xa9\x8f\xfdi\xd9\xff\x00f\x9b#}\xdf\x97\xf8\xa8\
\x01\xff\x007\xb5\x1f7\xb5&\x7f\xd9\xa3?\xec\xd0\x02\
\xfc\xde\xd4|\xde\xd4\x99\xff\x00f\x8c\xff\x00\xb3@\x0b\
\xf3{Q\xf3{Rg\xfd\x9a3\xfe\xcd\x00/\xcd\xed\
G\xcd\xedI\x9f\xf6h\xcf\xfb4\x00\xbf7\xb5\x1f7\
\xb5&\x7f\xd9\xa3?\xec\xd0\x02\xfc\xde\xd4|\xde\xd4\x99\
\xff\x00f\x8c\xff\x00\xb3@\x0b\xf3{Q\xf3{Rg\
\xfd\x9a3\xfe\xcd\x00/\xcd\xedG\xcd\xedI\x9f\xf6h\
\xcf\xfb4\x00\xbf7\xb5\x1f7\xb5&\x7f\xd9\xa3?\xec\
\xd0\x03b\xff\x00T\xb4\xff\x00\x9b\xda\x99\x1b~\xed~\
Zv\x7f\xd9\xa0\x05\xf9\xbd\xa8\xf9\xbd\xa93\xfe\xcd\x19\
\xff\x00f\x80\x17\xe6\xf6\xa3\xe6\xf6\xa4\xcf\xfb4g\xfd\
\x9a\x00_\x9b\xda\x8f\x9b\xda\x93?\xec\xd1\x9f\xf6h\x01\
~oj>ojL\xff\x00\xb3F\x7f\xd9\xa0\x05\xf9\
\xbd\xa8\xf9\xbd\xa93\xfe\xcd\x19\xff\x00f\x80\x17\xe6\xf6\
\xa3\xe6\xf6\xa4\xcf\xfb4g\xfd\x9a\x00_\x9b\xda\x8f\x9b\
\xda\x93?\xec\xd1\x9f\xf6h\x01~oj>ojL\
\xff\x00\xb3F\x7f\xd9\xa0\x06\xaf\xdfj\x7f\xcd\xedLV\
\xf9\x9b\xe5\xa7g\xfd\x9a\x00_\x9b\xda\x8f\x9b\xda\x93?\
\xec\xd1\x9f\xf6h\x01~oj>ojL\xff\x00\xb3\
F\x7f\xd9\xa0\x05\xf9\xbd\xa8\xf9\xbd\xa93\xfe\xcd\x19\xff\
\x00f\x80\x17\xe6\xf6\xa3\xe6\xf6\xa4\xcf\xfb4g\xfd\x9a\
\x00_\x9b\xda\xbb\xbf\x06\xff\x00\xc5U\xf0/\xc6z#\
|\xd3i\xbeV\xb9n?\xdcm\x92\xff\x00\xe46Z\
\xe0\xf3\xfe\xcdv\x7f\xb3\xfe\xb1\x1e\x9f\xf1B\xc2\xde\xe7\
\xfe<\xf5\x85}6\xe3?\xc4\x93\xab'\xfe\x84\xcb]\
\x98\x19\xa5UB[=>\xfd\x0fK)\x9aX\x85M\
\xed+\xc7\xff\x00\x02V\xfc/s\xcb\xa8\xab\x9e$\xd1\
\xe4\xf0\xcf\x88/\xf4\xdb\x85e\x9bO\xb8{w\xf9\x7f\
\x89\x19\x95\xbf\xf4\x1a\xa3\xe6\x7f\xb2\xd5\xe4\xce<\xb2\xe5\
g\xcc\xd6\xa6\xe19S\x96\xf1\x1dE7\xcc\xff\x00e\
\xa8\xf3?\xd9j\x931\xd4S|\xcf\xf6Z\x8f3\xfd\
\x96\xa0\x05\x1f\xeb\x16\x96\x99\xbf\xf7\x8bO\xa0\x02\x8a(\
\xa0\x02\x8a(\xa0\x02\x8a(\xa0\x02\x8a(\xa0\x02\x8a(\
\xa0\x02\x8a(\xa0\x02\x8a(\xa0\x0d\x0b\xcf\x16j\xb7\xfa\
<:m\xc6\xa5\xa8\x5ci\xf6\xa7t\x16\x92\x5c;A\
\x0f\xfb\xa9\xbbj\xfd\xe6\xa6\xea\xde$\xd45\xe8\xed\xa3\
\xbe\xd4//\x92\xcd<\xabt\xb8\x9d\xa4XS\xfb\xa9\
\xb9\xbeU\xff\x00v\xa8\xd1G,@l\xff\x00\xea\xdf\
\xfd\xda#\xfb\x82\x89\xff\x00\xd5\xbf\xfb\xb4G\xf7\x05\x00\
:\x8a(\xa0\x02\x8a(\xa0\x02\xbd\x8b\xe3\x14\x7f\xf0\x89\
\xf8\x17\xc1>\x17_\x95\xect\xef\xed\x1b\xa4\x1f\xf3\xda\
\xe5\xb7mo\xf6\x95\x7f\xf4*\xf3\xff\x00\x84~\x13\xff\
\x00\x84\xf3\xe2f\x89\xa4\xb2\xee\x8e\xf2\xf1\x16_\xf7\x15\
\xb7?\xfe:\xad]7\xc6\xcf\x14\x7f\xc2e\xf1W[\
\xbeF\xdd\x0b\x5c4Q\x7f\xb8\x9f\x22\xff\x00\xe3\xab^\
\xc6\x0f\xf7xJ\x95?\x9e\xcb\xf5\x7f\xa1\xf4\x99\x5c}\
\x96_V\xb7Y\xb5\x0f\x92\xf7\x9f\xfe\xdar\xdf7\xb5\
\x1f7\xb5\x1f7\xb5\x1f7\xb5q\x9ca\xf3{Q\xf3\
{Q\xf3{Q\xf3{P\x01\xf3{Q\xf3{Q\xf3\
{Q\xf3{P\x01\xf3{Q\xf3{Q\xf3{Q\xf3\
{P\x01\xf3{Q\xf3{Q\xf3{Q\xf3{P\x01\
\xf3{S\x13\xfa\xd3\xfeojb\x7fZ\x00\x7f\xcd\xed\
G\xcd\xedG\xcd\xedG\xcd\xed@\x07\xcd\xedG\xcd\xed\
G\xcd\xedG\xcd\xed@\x07\xcd\xedG\xcd\xedG\xcd\xed\
G\xcd\xed@\x07\xcd\xedG\xcd\xedG\xcd\xedG\xcd\xed\
@\x07\xcd\xedG\xcd\xedG\xcd\xedG\xcd\xed@\x07\xcd\
\xedG\xcd\xedG\xcd\xedG\xcd\xed@\x07\xcd\xedG\xcd\
\xedG\xcd\xedG\xcd\xed@\x07\xcd\xedG\xcd\xedG\xcd\
\xedG\xcd\xed@\x07\xcd\xedL\xcf\xefi\xff\x007\xb5\
3?\xbd\xa0\x07\xfc\xde\xd4|\xde\xd4|\xde\xd4|\xde\
\xd4\x00|\xde\xd4|\xde\xd4|\xde\xd4|\xde\xd4\x00|\
\xde\xd4|\xde\xd4|\xde\xd4|\xde\xd4\x00|\xde\xd4|\
\xde\xd4|\xde\xd4|\xde\xd4\x00|\xde\xd4|\xde\xd4|\
\xde\xd4|\xde\xd4\x00|\xde\xd4|\xde\xd4|\xde\xd4|\
\xde\xd4\x00|\xde\xd4|\xde\xd4|\xde\xd4|\xde\xd4\x00\
|\xde\xd4|\xde\xd4|\xde\xd4|\xde\xd4\x00|\xde\xd4\
\xc7\xfe\xb4\xff\x00\x9b\xda\x98\xff\x00\xd6\x80\x1f\xf3{Q\
\xf3{Q\xf3{Q\xf3{P\x01\xf3{Q\xf3{Q\
\xf3{Q\xf3{P\x01\xf3{Q\xf3{Q\xf3{Q\
\xf3{P\x01\xf3{Q\xf3{Q\xf3{Q\xf3{P\
\x01\xf3{Q\xf3{Q\xf3{Q\xf3{P\x01\xf3{\
Q\xf3{Q\xf3{Q\xf3{P\x01\xf3{Q\xf3{\
Q\xf3{Q\xf3{P\x01\xf3{Q\xf3{Q\xf3{\
Q\xf3{P\x01\xf3{Q\xf3{Q\xf3{Q\xf3{\
P\x03\x22\xff\x00T\xb4\xff\x00\x9b\xda\x99\x17\xfa\xa5\xa7\
\xfc\xde\xd4\x00|\xde\xd4|\xde\xd4|\xde\xd4|\xde\xd4\
\x00|\xde\xd4|\xde\xd4|\xde\xd4|\xde\xd4\x00|\xde\
\xd4|\xde\xd4|\xde\xd4|\xde\xd4\x00|\xde\xd4|\xde\
\xd4|\xde\xd4|\xde\xd4\x00|\xde\xd4|\xde\xd4|\xde\
\xd4|\xde\xd4\x00|\xde\xd4|\xde\xd4|\xde\xd4|\xde\
\xd4\x00|\xde\xd4|\xde\xd4|\xde\xd4|\xde\xd4\x00|\
\xde\xd4|\xde\xd4|\xde\xd4|\xde\xd4\x00\xc5\xfb\xedO\
\xf9\xbd\xa9\x8b\xf7\xda\x9f\xf3{P\x01\xf3{Q\xf3{\
Q\xf3{Q\xf3{P\x01\xf3{Q\xf3{Q\xf3{\
Q\xf3{P\x01\xf3{Q\xf3{Q\xf3{Q\xf3{\
P\x01\xf3{Q\xf3{Q\xf3{Q\xf3{P\x01\xf3\
{S\xec\xee\x9e\xce\xea9\xa3m\x92B\xea\xe8\x7f\xba\
\xcb\xf7i\x9f7\xb5\x1f7\xb58\xe8\xeeT_#\xb9\
\xd3~\xd3\xb6)'\xc4\x88\xf5\xabu\xdbm\xe2k+\
}Q?\xbb\xb9\xd3k\xaf\xfd\xfcV\xff\x00\xbe\xab\xce\
\xab\xd4\xbcuo\xff\x00\x09g\xec\xef\xa0\xeaK\xf3\xdc\
xoQ\x9bM\x94\xff\x00\x17\x95/\xefQ\x9b\xfd\x95\
m\xcb^[W\x99F\xd5\xddO\xe6\xd7\xef\xdf\xf1\xb8\
\xb3\xeav\xc5\xba\xb1\xda\xa5\xa5\xf7\xea\xff\x00\x1b\xa0\xa2\
\x8a+\xcf<`\xa2\x8a(\x01\x07\xfa\xc5\xa5\xa4\x1f\xeb\
\x16\x96\x80\x0a(\xa2\x80\x0a(\xa2\x80\x0a(\xa2\x80\x0a\
(\xa2\x80\x0a(\xa2\x80\x0a(\xa2\x80\x0a(\xa2\x80\x0a\
(\xa2\x80\x1b?\xfa\xb7\xff\x00v\x88\xfe\xe0\xa2\x7f\xf5\
o\xfe\xed\x11\xfd\xc1@\x0e\xa2\x8a(\x00\xa2\x8a(\x03\
\xd5?e\xd8\x7f\xb0\xef<O\xe2\x86\xf9W\xc3\xbaL\
\xad\x01\xff\x00\xa7\x89~D\xff\x00\xd9\xab\x8b\xae\xf7O\
\x87\xfe\x10\xef\xd9^=\xcb\xb6\xe3\xc6\x1a\xb3?\xfb\xd6\
\xf0.\xdf\xfd\x19\xff\x00\xa1W\x03\xf3{W\xb5\x8a\xfd\
\xdd\x1aT|\xaf\xf7\xff\x00\xc0\xb1\xf5\x98\xc8\xfb\x1c5\
\x0c7\x973\xf5\x96\xbf\xfaO(|\xde\xd4|\xde\xd4\
|\xde\xd4|\xde\xd5\xc2ya\xf3{Q\xf3{Q\xf3\
{Q\xf3{P\x01\xf3{Q\xf3{Q\xf3{Q\xf3\
{P\x01\xf3{Q\xf3{Q\xf3{Q\xf3{P\x01\
\xf3{Q\xf3{Q\xf3{Q\xf3{P\x01\xf3{S\
\x13\xfa\xd3\xfeojb\x7fZ\x00\x7f\xcd\xedG\xcd\xed\
G\xcd\xedG\xcd\xed@\x07\xcd\xedG\xcd\xedG\xcd\xed\
G\xcd\xed@\x07\xcd\xedG\xcd\xedG\xcd\xedG\xcd\xed\
@\x07\xcd\xedG\xcd\xedG\xcd\xedG\xcd\xed@\x07\xcd\
\xedG\xcd\xedG\xcd\xedG\xcd\xed@\x07\xcd\xedG\xcd\
\xedG\xcd\xedG\xcd\xed@\x07\xcd\xedG\xcd\xedG\xcd\
\xedG\xcd\xed@\x07\xcd\xedG\xcd\xedG\xcd\xedG\xcd\
\xed@\x07\xcd\xedL\xcf\xefi\xff\x007\xb53?\xbd\
\xa0\x07\xfc\xde\xd4|\xde\xd4|\xde\xd4|\xde\xd4\x00|\
\xde\xd4|\xde\xd4|\xde\xd4|\xde\xd4\x00|\xde\xd4|\
\xde\xd4|\xde\xd4|\xde\xd4\x00|\xde\xd4|\xde\xd4|\
\xde\xd4|\xde\xd4\x00|\xde\xd4|\xde\xd4|\xde\xd4|\
\xde\xd4\x00|\xde\xd4|\xde\xd4|\xde\xd4|\xde\xd4\x00\
|\xde\xd4|\xde\xd4|\xde\xd4|\xde\xd4\x00|\xde\xd4\
|\xde\xd4|\xde\xd4|\xde\xd4\x00|\xde\xd4\xc7\xfe\xb4\
\xff\x00\x9b\xda\x98\xff\x00\xd6\x80\x1f\xf3{Q\xf3{Q\
\xf3{Q\xf3{P\x01\xf3{Q\xf3{Q\xf3{Q\
\xf3{P\x01\xf3{Q\xf3{Q\xf3{Q\xf3{P\
\x01\xf3{Q\xf3{Q\xf3{Q\xf3{P\x01\xf3{\
Q\xf3{Q\xf3{Q\xf3{P\x01\xf3{Q\xf3{\
Q\xf3{Q\xf3{P\x01\xf3{Q\xf3{Q\xf3{\
Q\xf3{P\x01\xf3{Q\xf3{Q\xf3{Q\xf3{\
P\x01\xf3{Q\xf3{Q\xf3{Q\xf3{P\x03\x22\
\xff\x00T\xb4\xff\x00\x9b\xda\x99\x17\xfa\xa5\xa7\xfc\xde\xd4\
\x00|\xde\xd4|\xde\xd4|\xde\xd4|\xde\xd4\x00|\xde\
\xd4|\xde\xd4|\xde\xd4|\xde\xd4\x00|\xde\xd4|\xde\
\xd4|\xde\xd4|\xde\xd4\x00|\xde\xd4|\xde\xd4|\xde\
\xd4|\xde\xd4\x00|\xde\xd4|\xde\xd4|\xde\xd4|\xde\
\xd4\x00|\xde\xd4|\xde\xd4|\xde\xd4|\xde\xd4\x00|\
\xde\xd4|\xde\xd4|\xde\xd4|\xde\xd4\x00|\xde\xd4|\
\xde\xd4|\xde\xd4|\xde\xd4\x00\xc5\xfb\xedO\xf9\xbd\xa9\
\x8b\xf7\xda\x9f\xf3{P\x01\xf3{Q\xf3{Q\xf3{\
Q\xf3{P\x01\xf3{Q\xf3{Q\xf3{Q\xf3{\
P\x01\xf3{Q\xf3{Q\xf3{Q\xf3{P\x01\xf3\
{Q\xf3{Q\xf3{Q\xf3{P\x01\xf3{Q\xf3\
{Q\xf3{Q\xf3{P\x07\x7f\xf0r\xdf\xfe\x12\xcf\
\x09\xf8\xcf\xc3\x0d\xf3>\xa5\xa6\xfd\xae\xd4\x1f\xf9\xedl\
\xdb\xd5W\xfd\xa6]\xd5\xe45\xe8\xdf\x05\xfcQ\xff\x00\
\x08o\xc5M\x12\xfd\xdbl1\xdd,R\xff\x00\xb8\xff\
\x00#\xff\x00\xe3\xa5\xab\x9d\xf8\xbd\xe1O\xf8A~'\
\xeb\x9aR\xae\xd8\xec\xef\x1db\xff\x00q\x9br\x7f\xe3\
\xac\xb5\xd9\x8a\xfd\xe6\x12\x9c\xff\x00\x95\xb5\xfa\xaf\xd4\xed\
\xcc\xa3\xedp\x14\xabu\x83q\xf9?y\x7f\xed\xc77\
E\x14W\x8e|\xd0QE\x14\x00\x83\xfdb\xd2\xd2\x0f\
\xf5\x8bK@\x05\x14Q@\x05\x14Q@\x05\x14Q@\
\x05\x14Q@\x05\x14Q@\x05\x14Q@\x05\x14Q@\
\x05\x14Q@\x0d\x9f\xfd[\xff\x00\xbbD\x7fpQ?\
\xfa\xb7\xff\x00v\x88\xfe\xe0\xa0\x07QE\x14\x00S\x92\
6\x92ED]\xcc\xcd\xb4\x01M\xae\xd3\xf6}\xf0\xca\
x\xab\xe3\x06\x89\x0c\xcb\xfe\x8bo?\xda\xee\x09\xfb\xab\
\x14K\xbd\xb7\x7f\xdf;\x7f\xe0U\xb6\x1a\x9b\xa9US\
]]\x8e\xac\x1e\x1d\xd7\xc4B\x8cw\x93K\xef:\xcf\
\xda\x11\x97C\xd54?\x0cD\xdf\xbb\xf0\xbe\x97\x0d\xab\
\xe3\xfe{2\xef\x95\xbf\xf1\xe5\xaf>\xf9\xbd\xabO\xc6\
\x9e$\x7f\x18x\xbbR\xd5$\xfb\xfa\x85\xd3\xcf\xfe\xea\
\xb36\xd5\xff\x00\xbek3\xe6\xf6\xafC\x1bUT\xad\
)-\xbazt\xfc\x0fs2\xac\xaa\xe2e8\xed}\
=\x16\x8b\xf0\x0f\x9b\xda\x8f\x9b\xda\x8f\x9b\xda\x8f\x9b\xda\
\xb9N\x10\xf9\xbd\xa8\xf9\xbd\xa8\xf9\xbd\xa8\xf9\xbd\xa8\x00\
\xf9\xbd\xa8\xf9\xbd\xa8\xf9\xbd\xa8\xf9\xbd\xa8\x00\xf9\xbd\xa8\
\xf9\xbd\xa8\xf9\xbd\xa8\xf9\xbd\xa8\x00\xf9\xbd\xa8\xf9\xbd\xa8\
\xf9\xbd\xa8\xf9\xbd\xa8\x00\xf9\xbd\xa9\x89\xfdi\xff\x007\
\xb51?\xad\x00?\xe6\xf6\xa3\xe6\xf6\xa3\xe6\xf6\xa3\xe6\
\xf6\xa0\x03\xe6\xf6\xa3\xe6\xf6\xa3\xe6\xf6\xa3\xe6\xf6\xa0\x03\
\xe6\xf6\xa3\xe6\xf6\xa3\xe6\xf6\xa3\xe6\xf6\xa0\x03\xe6\xf6\xa3\
\xe6\xf6\xa3\xe6\xf6\xa3\xe6\xf6\xa0\x03\xe6\xf6\xa3\xe6\xf6\xa3\
\xe6\xf6\xa3\xe6\xf6\xa0\x03\xe6\xf6\xa3\xe6\xf6\xa3\xe6\xf6\xa3\
\xe6\xf6\xa0\x03\xe6\xf6\xa3\xe6\xf6\xa3\xe6\xf6\xa3\xe6\xf6\xa0\
\x03\xe6\xf6\xa3\xe6\xf6\xa3\xe6\xf6\xa3\xe6\xf6\xa0\x03\xe6\xf6\
\xa6g\xf7\xb4\xff\x00\x9b\xda\x99\x9f\xde\xd0\x03\xfeoj\
>oj>oj>oj\x00>oj>oj\
>oj>oj\x00>oj>oj>oj\
>oj\x00>oj>oj>oj>oj\
\x00>oj>oj>oj>oj\x00>o\
j>oj>oj>oj\x00>oj>o\
j>oj>oj\x00>oj>oj>o\
j>oj\x00>ojc\xff\x00Z\x7f\xcd\xedL\
\x7f\xeb@\x0f\xf9\xbd\xa8\xf9\xbd\xa8\xf9\xbd\xa8\xf9\xbd\xa8\
\x00\xf9\xbd\xa8\xf9\xbd\xa8\xf9\xbd\xa8\xf9\xbd\xa8\x00\xf9\xbd\
\xa8\xf9\xbd\xa8\xf9\xbd\xa8\xf9\xbd\xa8\x00\xf9\xbd\xa8\xf9\xbd\
\xa8\xf9\xbd\xa8\xf9\xbd\xa8\x00\xf9\xbd\xa8\xf9\xbd\xa8\xf9\xbd\
\xa8\xf9\xbd\xa8\x00\xf9\xbd\xa8\xf9\xbd\xa8\xf9\xbd\xa8\xf9\xbd\
\xa8\x00\xf9\xbd\xa8\xf9\xbd\xa8\xf9\xbd\xa8\xf9\xbd\xa8\x00\xf9\
\xbd\xa8\xf9\xbd\xa8\xf9\xbd\xa8\xf9\xbd\xa8\x00\xf9\xbd\xa8\xf9\
\xbd\xa8\xf9\xbd\xa8\xf9\xbd\xa8\x01\x91\x7f\xaaZ\x7f\xcd\xed\
L\x8b\xfdR\xd3\xfeoj\x00>oj>oj>\
oj>oj\x00>oj>oj>oj>\
oj\x00>oj>oj>oj>oj\x00\
>oj>oj>oj>oj\x00>oj\
>oj>oj>oj\x00>oj>oj\
>oj>oj\x00>oj>oj>oj\
>oj\x00>oj>oj>oj>oj\
\x00b\xfd\xf6\xa7\xfc\xde\xd4\xc5\xfb\xedO\xf9\xbd\xa8\x00\
\xf9\xbd\xa8\xf9\xbd\xa8\xf9\xbd\xa8\xf9\xbd\xa8\x00\xf9\xbd\xa8\
\xf9\xbd\xa8\xf9\xbd\xa8\xf9\xbd\xa8\x00\xf9\xbd\xa8\xf9\xbd\xa8\
\xf9\xbd\xa8\xf9\xbd\xa8\x00\xf9\xbd\xa8\xf9\xbd\xa8\xf9\xbd\xa8\
\xf9\xbd\xa8\x00\xf9\xbd\xa8\xf9\xbd\xa8\xf9\xbd\xa8\xf9\xbd\xa8\
\x00\xf9\xbd\xab\xb5\xfd\xa7#\xff\x00\x84\x83\xfe\x11_\x15\
*\xee\x1e \xd2Q'\x7f\xfax\x83\xe4\x7f\xfd\x96\xb8\
\xaf\x9b\xda\xbb\xb9#\xff\x00\x84\xc3\xf6a\xd4-\xfe\xf5\
\xcf\x84\xf5D\xbaO\xefy3\xfc\x8c\xbf\xf7\xf3\xe6\xae\
\xec/\xbfF\xad\x1e\xea\xff\x005\xaf\xe5s\xd3\xc1\xc7\
\xda\xe1\xaba\xbb\xab\xafX\xeb\xff\x00\xa4\xf3\x1eKE\
\x14W\x8a|\xa0QE\x14\x00\x83\xfdb\xd2\xd2\x0f\xf5\
\x8bK@\x05\x14Q@\x05\x14Q@\x05\x14Q@\x05\
\x14Q@\x05\x14Q@\x05\x14Q@\x05\x14Q@\x1e\
\x85n\xd0\xea\x1e\x03T\xd6\xac4\x9d9o\xa5\xb7\x8b\
H\xf2,\xd2+\x9f\x95\xf6\xcb;:\xaf\x98\xf1m\xcf\
\xcc\xec\xdb\x9b\xee\xfd\xd6\xdbc\xe2\xa6\x9fg7\x86\xf5\
\xa9\x12\xc2\xc6\xc1\xf4={\xfb6\xd7\xec\xf0,L\xd0\
\xec\x7f\x95\xf6\xaf\xce\xcb\xe5+om\xcd\xf37\xcd\x5c\
\xae\xb9\xf17V\xf1&\x9e\xb6\xf7\x9f\xd9\xb2*\xa2D\
\xb2\x8d.\xd69\xd5\x11UQ|\xd5\x89d\xf9UW\
\xf8\xaa\xbf\x89|}\xabx\xc2\xde\x18u\x0b\xa5\x99!\
m\xff\x00$\x09\x17\x98\xec\xaa\xac\xef\xb1W|\x9bU\
~w\xdc\xdf\xedW?\xb3\x9771\x5c\xc6$\xd2/\
\x96\xff\x007\xf0\xd1\x1c\x8b\xb0|\xd4\xb3\xff\x00\xab\x7f\
\xf7h\x8f\xee\x0a\xe8$<\xc5\xf5\xa3\xcc_Zu\x14\
\x00\xdf1}k\xd3\xbe\x09\xc6\xbe\x1b\xf8m\xe3O\x11\
7\xcb'\xd9SF\xb5?\xed\xce\xdf>\xdf\xf7c_\
\xfcz\xbc\xce\xbd_\xc5\x96\xff\x00\xf0\x87\xfc\x0b\xf0~\
\x8f\xf7f\xd6\x1a]r\xe8\x7f\xbf\xf2C\xff\x00\x90\xd5\
\xab\xd2\xcb#g*\xdf\xca\xbf\x17\xa2\xfc\xee{\xd9\x0c\
ygS\x13\xfc\x91\x7f{\xf7W\xe7\x7f\x91\xc2y\xab\
\xfd\xea<\xd5\xfe\xf5?\xe6\xf6\xa3\xe6\xf6\xacLFy\
\xab\xfd\xea<\xd5\xfe\xf5?\xe6\xf6\xa3\xe6\xf6\xa0\x06y\
\xab\xfd\xea<\xd5\xfe\xf5?\xe6\xf6\xa3\xe6\xf6\xa0\x06y\
\xab\xfd\xea<\xd5\xfe\xf5?\xe6\xf6\xa3\xe6\xf6\xa0\x06y\
\xab\xfd\xea<\xd5\xfe\xf5?\xe6\xf6\xa3\xe6\xf6\xa0\x06y\
\xab\xfd\xea<\xd5\xfe\xf5?\xe6\xf6\xa3\xe6\xf6\xa0\x06y\
\xab\xfd\xea\x04\x8a?\x8b\xf8\xa9\xff\x007\xb51?\xad\
\x00\x1ej\xff\x00z\x8f5\x7f\xbdO\xf9\xbd\xa8\xf9\xbd\
\xa8\x01\x9ej\xff\x00z\x8f5\x7f\xbdO\xf9\xbd\xa8\xf9\
\xbd\xa8\x01\x9ej\xff\x00z\x8f5\x7f\xbdO\xf9\xbd\xa8\
\xf9\xbd\xa8\x01\x9ej\xff\x00z\x8f5\x7f\xbdO\xf9\xbd\
\xa8\xf9\xbd\xa8\x01\x9ej\xff\x00z\x8f5\x7f\xbdO\xf9\
\xbd\xa8\xf9\xbd\xa8\x01\x9ej\xff\x00z\x8f5\x7f\xbdO\
\xf9\xbd\xa8\xf9\xbd\xa8\x01\x9ej\xff\x00z\x8f5\x7f\xbd\
O\xf9\xbd\xa8\xf9\xbd\xa8\x01\x9ej\xff\x00z\x8f5\x7f\
\xbdO\xf9\xbd\xa8\xf9\xbd\xa8\x01\x9ej\xff\x00z\x93\xcc\
_7\xefT\x9f7\xb53?\xbd\xa0\x03\xcd_\xefQ\
\xe6\xaf\xf7\xa9\xff\x007\xb5\x1f7\xb5\x003\xcd_\xef\
Q\xe6\xaf\xf7\xa9\xff\x007\xb5\x1f7\xb5\x003\xcd_\
\xefQ\xe6\xaf\xf7\xa9\xff\x007\xb5\x1f7\xb5\x003\xcd\
_\xefQ\xe6\xaf\xf7\xa9\xff\x007\xb5\x1f7\xb5\x003\
\xcd_\xefQ\xe6\xaf\xf7\xa9\xff\x007\xb5\x1f7\xb5\x00\
3\xcd_\xefQ\xe6\xaf\xf7\xa9\xff\x007\xb5\x1f7\xb5\
\x003\xcd_\xefQ\xe6\xaf\xf7\xa9\xff\x007\xb5\x1f7\
\xb5\x003\xcd_\xefQ\xe6\xaf\xf7\xa9\xff\x007\xb5\x1f\
7\xb5\x003\xcd_\xefP\xd2/\xcb\xf3\x7f\x15?\xe6\
\xf6\xa6?\xf5\xa0\x03\xcd_\xefQ\xe6\xaf\xf7\xa9\xff\x00\
7\xb5\x1f7\xb5\x003\xcd_\xefQ\xe6\xaf\xf7\xa9\xff\
\x007\xb5\x1f7\xb5\x003\xcd_\xefQ\xe6\xaf\xf7\xa9\
\xff\x007\xb5\x1f7\xb5\x003\xcd_\xefQ\xe6\xaf\xf7\
\xa9\xff\x007\xb5\x1f7\xb5\x003\xcd_\xefQ\xe6\xaf\
\xf7\xa9\xff\x007\xb5\x1f7\xb5\x003\xcd_\xefQ\xe6\
\xaf\xf7\xa9\xff\x007\xb5\x1f7\xb5\x003\xcd_\xefQ\
\xe6\xaf\xf7\xa9\xff\x007\xb5\x1f7\xb5\x003\xcd_\xef\
Q\xe6\xaf\xf7\xa9\xff\x007\xb5\x1f7\xb5\x003\xcd_\
\xefQ\xe6\xaf\xf7\xa9\xff\x007\xb5\x1f7\xb5\x00G\x14\
\x8b\xe5\xaf\xcdK\xe6\xaf\xf7\xa8\x8b\xfdR\xd3\xfeoj\
\x00g\x9a\xbf\xde\xa3\xcd_\xefS\xfeoj>oj\
\x00g\x9a\xbf\xde\xa3\xcd_\xefS\xfeoj>oj\
\x00g\x9a\xbf\xde\xa3\xcd_\xefS\xfeoj>oj\
\x00g\x9a\xbf\xde\xa3\xcd_\xefS\xfeoj>oj\
\x00g\x9a\xbf\xde\xa3\xcd_\xefS\xfeoj>oj\
\x00g\x9a\xbf\xde\xa3\xcd_\xefS\xfeoj>oj\
\x00g\x9a\xbf\xde\xa3\xcd_\xefS\xfeoj>oj\
\x00g\x9a\xbf\xde\xa3\xcd_\xefS\xfeoj>oj\
\x00\x8b\xcc]\xed\xf3S\xbc\xd5\xfe\xf5\x0b\xf7\xda\x9f\xf3\
{P\x03<\xd5\xfe\xf5\x1ej\xff\x00z\x9f\xf3{Q\
\xf3{P\x03<\xd5\xfe\xf5\x1ej\xff\x00z\x9f\xf3{\
Q\xf3{P\x03<\xd5\xfe\xf5\x1ej\xff\x00z\x9f\xf3\
{Q\xf3{P\x03<\xd5\xfe\xf5\x1ej\xff\x00z\x9f\
\xf3{Q\xf3{P\x03<\xd5\xfe\xf5\x1ej\xff\x00z\
\x9f\xf3{Q\xf3{P\x03<\xd5\xfe\xf5w\xdf\xb3\xdd\
\xc4z\xa7\x8a5\x0f\x0fL\xea\xb6\xfe(\xd3\xae4\xee\
~\xef\x9b\xb5\x9a&\xff\x00\xbe\x97\xff\x00\x1e\xae\x13\xe6\
\xf6\xab\xde\x19\xd7$\xf0\xcf\x89,5(\x7f\xd6X\xdc\
$\xeb\x8f\xf6[ut`\xea\xaau\xa3'\xb7\xe9\xd4\
\xec\xc0VTq0\x9b\xd9=}:\xfe\x07)q\x1b\
Z\xdc<r.\xc9#m\xac\x87\xf8Yj?1}\
k\xbe\xfd\xa5<7\x1f\x86\xfe0j\x8dl\xbf\xe8Z\
\xb6\xcdJ\xd4\x8f\xe2I\xc6\xff\x00\xfd\x0bw\xfd\xf3\x5c\
\x1dqb\xa8:U\xa7M\xf4g\x8f\x98a\xdd\x0cD\
\xe8\xbf\xb2\xda\x1b\xe6/\xad\x1eb\xfa\xd3\xa8\xac\x0e1\
\xbej\xf9\x8bN\xa4\x1f\xeb\x16\x96\x80\x0a(\xa2\x80\x0a\
(\xa2\x80\x0a(\xa2\x80\x0a(\xa2\x80\x0a(\xa2\x80\x0a\
(\xa2\x80\x0a(\xa2\x80\x0a(\xa2\x80\x1b?\xfa\xb7\xff\
\x00v\x88\xfe\xe0\xa2\x7f\xf5o\xfe\xed\x11\xfd\xc1@\x0e\
\xa2\x8a(\x03C\xc2~\x1f\x9b\xc5\x9e(\xd3\xf4\xbbu\
\xfd\xf6\xa1p\x96\xeb\x8f\xf6\x9bn\xea\xf4o\xda#X\
\x87T\xf8\xa9\x7fok\xff\x00\x1ez:\xa6\x9bn\x07\
\xcd\xb5\x22]\xbb\x7f\xef\xad\xd5\x0f\xec\xaf\xa7\xc7g\xe3\
-K\xc4\x97\x0a\xadk\xe1]:k\xde~\xebJ\xcb\
\xb2%\xff\x00\xc7\x9b\xfe\xf9\xaeF\xf2\xeaK\xeb\xa9&\
\x91\xb7\xc93\xb3\xbb\x1f\xe2f\xfb\xd5\xecS\x8f\xb3\xc1\
\xae\xf3\x7f\x82\xff\x00\x82\xdf\xdc}6\x1e>\xc7,]\
\xeaJ\xff\x00(\xe8\xbf\x16\xfe\xe1\x9f7\xb5\x1f7\xb5\
\x1f7\xb5\x1f7\xb5q\x9c!\xf3{Q\xf3{Q\xf3\
{Q\xf3{P\x01\xf3{Q\xf3{Q\xf3{Q\xf3\
{P\x01\xf3{Q\xf3{Q\xf3{Q\xf3{P\x01\
\xf3{Q\xf3{Q\xf3{Q\xf3{P\x01\xf3{Q\
\xf3{Q\xf3{Q\xf3{P\x01\xf3{S\x13\xfa\xd3\
\xfeojb\x7fZ\x00\x7f\xcd\xedG\xcd\xedG\xcd\xed\
G\xcd\xed@\x07\xcd\xedG\xcd\xedG\xcd\xedG\xcd\xed\
@\x07\xcd\xedG\xcd\xedG\xcd\xedG\xcd\xed@\x07\xcd\
\xedG\xcd\xedG\xcd\xedG\xcd\xed@\x07\xcd\xedG\xcd\
\xedG\xcd\xedG\xcd\xed@\x07\xcd\xedG\xcd\xedG\xcd\
\xedG\xcd\xed@\x07\xcd\xedG\xcd\xedG\xcd\xedG\xcd\
\xed@\x07\xcd\xedG\xcd\xedG\xcd\xedG\xcd\xed@\x07\
\xcd\xedL\xcf\xefi\xff\x007\xb53?\xbd\xa0\x07\xfc\
\xde\xd4|\xde\xd4|\xde\xd4|\xde\xd4\x00|\xde\xd4|\
\xde\xd4|\xde\xd4|\xde\xd4\x00|\xde\xd4|\xde\xd4|\
\xde\xd4|\xde\xd4\x00|\xde\xd4|\xde\xd4|\xde\xd4|\
\xde\xd4\x00|\xde\xd4|\xde\xd4|\xde\xd4|\xde\xd4\x00\
|\xde\xd4|\xde\xd4|\xde\xd4|\xde\xd4\x00|\xde\xd4\
|\xde\xd4|\xde\xd4|\xde\xd4\x00|\xde\xd4|\xde\xd4\
|\xde\xd4|\xde\xd4\x00|\xde\xd4\xc7\xfe\xb4\xff\x00\x9b\
\xda\x98\xff\x00\xd6\x80\x1f\xf3{Q\xf3{Q\xf3{Q\
\xf3{P\x01\xf3{Q\xf3{Q\xf3{Q\xf3{P\
\x01\xf3{Q\xf3{Q\xf3{Q\xf3{P\x01\xf3{\
Q\xf3{Q\xf3{Q\xf3{P\x01\xf3{Q\xf3{\
Q\xf3{Q\xf3{P\x01\xf3{Q\xf3{Q\xf3{\
Q\xf3{P\x01\xf3{Q\xf3{Q\xf3{Q\xf3{\
P\x01\xf3{Q\xf3{Q\xf3{Q\xf3{P\x01\xf3\
{Q\xf3{Q\xf3{Q\xf3{P\x03\x22\xff\x00T\
\xb4\xff\x00\x9b\xda\x99\x17\xfa\xa5\xa7\xfc\xde\xd4\x00|\xde\
\xd4|\xde\xd4|\xde\xd4|\xde\xd4\x00|\xde\xd4|\xde\
\xd4|\xde\xd4|\xde\xd4\x00|\xde\xd4|\xde\xd4|\xde\
\xd4|\xde\xd4\x00|\xde\xd4|\xde\xd4|\xde\xd4|\xde\
\xd4\x00|\xde\xd4|\xde\xd4|\xde\xd4|\xde\xd4\x00|\
\xde\xd4|\xde\xd4|\xde\xd4|\xde\xd4\x00|\xde\xd4|\
\xde\xd4|\xde\xd4|\xde\xd4\x00|\xde\xd4|\xde\xd4|\
\xde\xd4|\xde\xd4\x00\xc5\xfb\xedO\xf9\xbd\xa9\x8b\xf7\xda\
\x9f\xf3{P\x01\xf3{Q\xf3{Q\xf3{Q\xf3{\
P\x01\xf3{Q\xf3{Q\xf3{Q\xf3{P\x01\xf3\
{Q\xf3{Q\xf3{Q\xf3{P\x01\xf3{Q\xf3\
{Q\xf3{Q\xf3{P\x01\xf3{Q\xf3{Q\xf3\
{Q\xf3{P\x01\xf3{Q\xf3{Q\xf3{Q\xf3\
{P\x07q\xf1z?\xf8K>\x06\xf87^_\x9a\
\xe3Kyt;\xa3\xf7\xbe\xef\xcf\x0f\xfeC\xdd\xff\x00\
}W\x94W\xad|;\xff\x00\x8a\xa3\xe1?\x8d\xbc<\
\xdf<\x91\xda\xa6\xb3j?\x8b|\x0d\xf3\xed\xff\x00z\
6\xff\x00\xc7k\xc9k\xa34\xf7\xfd\x9dn\xeb\xf1Z\
~\x97:3\xef\xde:X\x9f\xe6\x8a\xbf\xaa\xf7\x7fD\
\xfeaE\x14W\x96|\xf8\x83\xfdb\xd2\xd2\x0f\xf5\x8b\
K@\x05\x14Q@\x05\x14Q@\x05\x14Q@\x05\x14\
Q@\x05\x14Q@\x05\x14Q@\x05\x14Q@\x05\x14\
Q@\x0d\x9f\xfd[\xff\x00\xbbD\x7fpQ?\xfa\xb7\
\xff\x00v\x88\xfe\xe0\xa0\x07QE>\xd6\xd6K\xcb\xa8\
\xe1\x857\xc93*F\x83\xf8\x99\xbe\xea\xd3Z\xbb\x15\
\x18\xb9\xbb\x1e\xb5\xa1\xdb\xb7\x81\xff\x00e\xd7\x93\xe6K\
\x9f\x1aj[\x7f\xbb\xba\xd6\xdf\xff\x00\xb6\x7f\xe8U\xc0\
\xfc\xde\xd5\xe8\x9f\xb4d\x91\xe8z\xd6\x8b\xe1{vV\
\xb7\xf0\xbe\x9b\x15\xabc\xf8\xa6e\xdf+\x7f\xe85\xe7\
\x7f7\xb5{Y\x83\xe5\xa9\x1a1\xfb*\xdf\xe7\xf8\xdc\
\xfa\xac\xda\xd4\xea\xc7\x0f\x1f\xf9w\x15\x1f\x9a\xdf\xff\x00\
&l>oj>oj>oj>oj\xe0<\
\xb0\xf9\xbd\xa8\xf9\xbd\xa8\xf9\xbd\xa8\xf9\xbd\xa8\x00\xf9\xbd\
\xa8\xf9\xbd\xa8\xf9\xbd\xa8\xf9\xbd\xa8\x00\xf9\xbd\xa8\xf9\xbd\
\xa8\xf9\xbd\xa8\xf9\xbd\xa8\x00\xf9\xbd\xa8\xf9\xbd\xa8\xf9\xbd\
\xa8\xf9\xbd\xa8\x00\xf9\xbd\xa8\xf9\xbd\xa8\xf9\xbd\xa8\xf9\xbd\
\xa8\x00\xf9\xbd\xa9\x89\xfdi\xff\x007\xb51?\xad\x00\
?\xe6\xf6\xa3\xe6\xf6\xa3\xe6\xf6\xa3\xe6\xf6\xa0\x03\xe6\xf6\
\xa3\xe6\xf6\xa3\xe6\xf6\xa3\xe6\xf6\xa0\x03\xe6\xf6\xa3\xe6\xf6\
\xa3\xe6\xf6\xa3\xe6\xf6\xa0\x03\xe6\xf6\xa3\xe6\xf6\xa3\xe6\xf6\
\xa3\xe6\xf6\xa0\x03\xe6\xf6\xa3\xe6\xf6\xa3\xe6\xf6\xa3\xe6\xf6\
\xa0\x03\xe6\xf6\xa3\xe6\xf6\xa3\xe6\xf6\xa3\xe6\xf6\xa0\x03\xe6\
\xf6\xa3\xe6\xf6\xa3\xe6\xf6\xa3\xe6\xf6\xa0\x03\xe6\xf6\xa3\xe6\
\xf6\xa3\xe6\xf6\xa3\xe6\xf6\xa0\x03\xe6\xf6\xa6g\xf7\xb4\xff\
\x00\x9b\xda\x99\x9f\xde\xd0\x03\xfeoj>oj>o\
j>oj\x00>oj>oj>oj>o\
j\x00>oj>oj>oj>oj\x00>\
oj>oj>oj>oj\x00>oj>\
oj>oj>oj\x00>oj>oj>\
oj>oj\x00>oj>oj>oj>\
oj\x00>oj>oj>oj>oj\x00\
>ojc\xff\x00Z\x7f\xcd\xedL\x7f\xeb@\x0f\xf9\
\xbd\xa8\xf9\xbd\xa8\xf9\xbd\xa8\xf9\xbd\xa8\x00\xf9\xbd\xa8\xf9\
\xbd\xa8\xf9\xbd\xa8\xf9\xbd\xa8\x00\xf9\xbd\xa8\xf9\xbd\xa8\xf9\
\xbd\xa8\xf9\xbd\xa8\x00\xf9\xbd\xa8\xf9\xbd\xa8\xf9\xbd\xa8\xf9\
\xbd\xa8\x00\xf9\xbd\xa8\xf9\xbd\xa8\xf9\xbd\xa8\xf9\xbd\xa8\x00\
\xf9\xbd\xa8\xf9\xbd\xa8\xf9\xbd\xa8\xf9\xbd\xa8\x00\xf9\xbd\xa8\
\xf9\xbd\xa8\xf9\xbd\xa8\xf9\xbd\xa8\x00\xf9\xbd\xa8\xf9\xbd\xa8\
\xf9\xbd\xa8\xf9\xbd\xa8\x00\xf9\xbd\xa8\xf9\xbd\xa8\xf9\xbd\xa8\
\xf9\xbd\xa8\x01\x91\x7f\xaaZ\x7f\xcd\xedL\x8b\xfdR\xd3\
\xfeoj\x00>oj>oj>oj>oj\
\x00>oj>oj>oj>oj\x00>o\
j>oj>oj>oj\x00>oj>o\
j>oj>oj\x00>oj>oj>o\
j>oj\x00>oj>oj>oj>o\
j\x00>oj>oj>oj>oj\x00>\
oj>oj>oj>oj\x00b\xfd\xf6\xa7\
\xfc\xde\xd4\xc5\xfb\xedO\xf9\xbd\xa8\x00\xf9\xbd\xa8\xf9\xbd\
\xa8\xf9\xbd\xa8\xf9\xbd\xa8\x00\xf9\xbd\xa8\xf9\xbd\xa8\xf9\xbd\
\xa8\xf9\xbd\xa8\x00\xf9\xbd\xa8\xf9\xbd\xa8\xf9\xbd\xa8\xf9\xbd\
\xa8\x00\xf9\xbd\xa8\xf9\xbd\xa8\xf9\xbd\xa8\xf9\xbd\xa8\x00\xf9\
\xbd\xa8\xf9\xbd\xa8\xf9\xbd\xa8\xf9\xbd\xa8\x00\xf9\xbd\xa8\xf9\
\xbd\xa8\xf9\xbd\xa8\xf9\xbd\xa8\x03\xac\xf8\x1b\xe2D\xf0\xbf\
\xc5M\x1e\xe2o\xf8\xf5\xb8\x9f\xec\xb7\x01\xbe\xebE*\
\xb26\xef\xfb\xeb\xff\x00\x1d\xae?\xe27\x85\x1f\xc0~\
<\xd5\xb4w\xff\x00\x98}\xd3\xc4\xa7\xfb\xc9\xbb\xe5o\
\xf8\x12\xed\xa9U\x9a6V\x0d\xb5\xb7Wi\xfbN[\
\xff\x00\xc2A7\x86|Z\x8b\xf2\xf8\x93ME\xb8#\
\xfe~\xa0\xf9%\xf9\xbf\xef\x9f\xfb\xe6\xbb9}\xa6\x0d\
\xae\xb0w\xf9=\x1f\xe3c\xd0\xa9O\xdb\xe5\xb2]i\
\xbb\xfc\x9e\x8f\xf1\xe5<\xae\x8a(\xaf\x1c\xf9q\x07\xfa\
\xc5\xa5\xa4\x1f\xeb\x16\x96\x80\x0a(\xa2\x80\x0a(\xa2\x80\
\x0a(\xa2\x80\x0a(\xa2\x80\x0a(\xa2\x80\x0a(\xa2\x80\
\x0a(\xa2\x80\x0a+\xb2\x8f\xc2\xfa>\xa1\xf0\xd6\xc2\xe6\
\xcdn\x9bT\x9bVK;\x8b\x89\xd9c\x8dw#6\
\xc4Uf\xf9W\xe5\xf9\x9b\xe6o\xee\xad^\xf8\x91\xe1\
=&\xdfA\xd5.4\xdb/\xb0>\x83\xac\xff\x00d\
\xb1\x12\xbc\x9flM\xaf\xb5\xdfqm\xb2n\x89\xbe\xee\
\xd5\xf9\xbe\xede\xed#\xcd\xcaW)\xe7\xb3\xff\x00\xab\
\x7f\xf7h\x8f\xee\x0a'\xff\x00V\xff\x00\xee\xd1\x1f\xdc\
\x15\xa9#\xab\xd0\xbfe\xff\x00\x0c\xc7\xe2\x0f\x8c\x1a}\
\xc5\xca\xff\x00\xa0\xe8h\xfa\xa5\xc1\xc6\xe5T\x89w/\
\xfeD\xd9^{^\xb9\xf0\xbe\x1f\xf8B\x7fg\xbf\x13\
\xebm\xf2\x5c\xf8\x8a\xe14k\x5c\xff\x00q~y[\
\xfd\xd6_\x97\xfe\x03^\x86WMK\x10\xa6\xf6\x8e\xbf\
v\xbf\xf0\x0fo\x87\xe8\xa9\xe2\xe3R[S\xf7\x9f\xcb\
_\xc5\xd9|\xceG\xc5\x9e \x93\xc5\x9e(\xd45I\
\xbf\xd6j\x17\x0f;\x7f\xb3\xb9\x99\xb6\xd5\x0f\x9b\xda\x8f\
\x9b\xda\x8f\x9b\xda\x94\xe4\xe7'&:\xd5\x1c\xeaJ\xa4\
\xb7\x90|\xde\xd4|\xde\xd4|\xde\xd4|\xde\xd5\x06a\
\xf3{Q\xf3{Q\xf3{Q\xf3{P\x01\xf3{Q\
\xf3{Q\xf3{Q\xf3{P\x01\xf3{Q\xf3{Q\
\xf3{Q\xf3{P\x01\xf3{Q\xf3{Q\xf3{Q\
\xf3{P\x01\xf3{Q\xf3{Q\xf3{Q\xf3{P\
\x01\xf3{S\x13\xfa\xd3\xfeojb\x7fZ\x00\x7f\xcd\
\xedG\xcd\xedG\xcd\xedG\xcd\xed@\x07\xcd\xedG\xcd\
\xedG\xcd\xedG\xcd\xed@\x07\xcd\xedG\xcd\xedG\xcd\
\xedG\xcd\xed@\x07\xcd\xedG\xcd\xedG\xcd\xedG\xcd\
\xed@\x07\xcd\xedG\xcd\xedG\xcd\xedG\xcd\xed@\x07\
\xcd\xedG\xcd\xedG\xcd\xedG\xcd\xed@\x07\xcd\xedG\
\xcd\xedG\xcd\xedG\xcd\xed@\x07\xcd\xedG\xcd\xedG\
\xcd\xedG\xcd\xed@\x07\xcd\xedL\xcf\xefi\xff\x007\
\xb53?\xbd\xa0\x07\xfc\xde\xd4|\xde\xd4|\xde\xd4|\
\xde\xd4\x00|\xde\xd4|\xde\xd4|\xde\xd4|\xde\xd4\x00\
|\xde\xd4|\xde\xd4|\xde\xd4|\xde\xd4\x00|\xde\xd4\
|\xde\xd4|\xde\xd4|\xde\xd4\x00|\xde\xd4|\xde\xd4\
|\xde\xd4|\xde\xd4\x00|\xde\xd4|\xde\xd4|\xde\xd4\
|\xde\xd4\x00|\xde\xd4|\xde\xd4|\xde\xd4|\xde\xd4\
\x00|\xde\xd4|\xde\xd4|\xde\xd4|\xde\xd4\x00|\xde\
\xd4\xc7\xfe\xb4\xff\x00\x9b\xda\x98\xff\x00\xd6\x80\x1f\xf3{\
Q\xf3{Q\xf3{Q\xf3{P\x01\xf3{Q\xf3{\
Q\xf3{Q\xf3{P\x01\xf3{Q\xf3{Q\xf3{\
Q\xf3{P\x01\xf3{Q\xf3{Q\xf3{Q\xf3{\
P\x01\xf3{Q\xf3{Q\xf3{Q\xf3{P\x01\xf3\
{Q\xf3{Q\xf3{Q\xf3{P\x01\xf3{Q\xf3\
{Q\xf3{Q\xf3{P\x01\xf3{Q\xf3{Q\xf3\
{Q\xf3{P\x01\xf3{Q\xf3{Q\xf3{Q\xf3\
{P\x03\x22\xff\x00T\xb4\xff\x00\x9b\xda\x99\x17\xfa\xa5\
\xa7\xfc\xde\xd4\x00|\xde\xd4|\xde\xd4|\xde\xd4|\xde\
\xd4\x00|\xde\xd4|\xde\xd4|\xde\xd4|\xde\xd4\x00|\
\xde\xd4|\xde\xd4|\xde\xd4|\xde\xd4\x00|\xde\xd4|\
\xde\xd4|\xde\xd4|\xde\xd4\x00|\xde\xd4|\xde\xd4|\
\xde\xd4|\xde\xd4\x00|\xde\xd4|\xde\xd4|\xde\xd4|\
\xde\xd4\x00|\xde\xd4|\xde\xd4|\xde\xd4|\xde\xd4\x00\
|\xde\xd4|\xde\xd4|\xde\xd4|\xde\xd4\x00\xc5\xfb\xed\
O\xf9\xbd\xa9\x8b\xf7\xda\x9f\xf3{P\x01\xf3{Q\xf3\
{Q\xf3{Q\xf3{P\x01\xf3{Q\xf3{Q\xf3\
{Q\xf3{P\x01\xf3{Q\xf3{Q\xf3{Q\xf3\
{P\x01\xf3{Q\xf3{Q\xf3{Q\xf3{P\x01\
\xf3{Q\xf3{Q\xf3{Q\xf3{P\x01\xf3{Q\
\xf3{Q\xf3{Q\xf3{P\x01\xf3{W\x7fg\x1f\
\xfc'\x1f\xb3>\xb5a\xb7}\xe7\x84\xefSR\x83\xfb\
\xdeL\xbf#\xaf\xfb\xaa\xdf5p\x1f7\xb5w\xbf\xb3\
\x8e\xa9\x0c\x7f\x11\x17J\xbco\xf4\x0f\x12Z\xcb\xa4\xce\
?\xeb\xaa\xfc\xbf\xf8\xf2\xaf\xfd\xf5]\xd9{\x8b\xab\xec\
\xe5\xb4\xb4\xfb\xf6\xfclz\xb9KR\xaf\xec'\xb5D\
\xe3\xf7\xed\xf7;3\xc8\xe8\xab\x9e \xd1f\xf0\xde\xbd\
}\xa7\xdc\xae\xd9\xecg{yG\xfbJ\xdbZ\xa9\xd7\
\x8fR2\x8c\xf9d|\xb5Zr\xa7)B[\xc4A\
\xfe\xb1ii\x07\xfa\xc5\xa5\xa93\x0a(\xa2\x80\x0a(\
\xa2\x80\x0a(\xa2\x80\x0a(\xa2\x80\x0a(\xa2\x80\x0a(\
\xa2\x80\x0a(\xa2\x804\xa3\xf1E\xcd\xbf\x86\xbf\xb2\x91\
c[\x7f\xb6-\xee\xfd\xad\xe6oT\xdb\xfd\xef\xbb\xf3\
V\x87\x8c>&^x\xd2\xc7\xec\xf3[X\xda\xa4\x97\
\x0dyq\xf6tek\xcb\x86]\xbek\xeef\xf9\xbe\
\xf7\xca\xbbW\xe6o\x96\xb9\xda*yW\xc4\x03&\x8d\
|\xb7\xf9\x7f\x86\x968\xd7\xcb_\x96\x89\xff\x00\xd5\xbf\
\xfb\xb4G\xf7\x05P\x0e\xf2\xf7\x0d\xaa\xb5\xec\xbf\x1cm\
\xd7\xc1\xfe\x19\xf0\x8f\x83\xd5v6\x8f\xa7}\xaa\xf16\
\xff\x00\xcb\xc4\xff\x00;\xab\x7f\xbb\xff\x00\xb3W%\xfb\
:\xf85<o\xf1sJ\xb7\xb8\xdb\xf6\x1b7\xfbm\
\xd1\x7f\xba\xb1E\xf3\xb6\xef\xf7\x99U\x7f\xe0T\xbf\x11\
\xbcX\xfe9\xf1\xd6\xab\xab?\xfc\xbf\x5c;\xa7\xfb)\
\xf7Q\x7f\xef\x95Z\xf60\xb1\xf6X9O\xac\xdd\xbe\
KW\xfa\x1fM\x97\xc7\xd8\xe5\xd3\xad\xd6\xa3\xe5^\x8b\
W\xf8\xf2\x98\x9eZ\xfaQ\xe5\xaf\xa5/\xcd\xedG\xcd\
\xed\x5cg\x08\x9eZ\xfaQ\xe5\xaf\xa5/\xcd\xedG\xcd\
\xed@\x09\xe5\xaf\xa5\x1eZ\xfaR\xfc\xde\xd4|\xde\xd4\
\x00\x9eZ\xfaQ\xe5\xaf\xa5/\xcd\xedG\xcd\xed@\x09\
\xe5\xaf\xa5\x1eZ\xfaR\xfc\xde\xd4|\xde\xd4\x00\x9eZ\
\xfaQ\xe5\xaf\xa5/\xcd\xedG\xcd\xed@\x09\xe5\xaf\xa5\
\x1eZ\xfaR\xfc\xde\xd4|\xde\xd4\x00\x9eZ\xfaSc\
\x8d~o\x97\xf8\xa9\xff\x007\xb51?\xad\x00;\xcb\
_J<\xb5\xf4\xa5\xf9\xbd\xa8\xf9\xbd\xa8\x01<\xb5\xf4\
\xa3\xcb_J_\x9b\xda\x8f\x9b\xda\x80\x13\xcb_J<\
\xb5\xf4\xa5\xf9\xbd\xa8\xf9\xbd\xa8\x01<\xb5\xf4\xa3\xcb_\
J_\x9b\xda\x8f\x9b\xda\x80\x13\xcb_J<\xb5\xf4\xa5\
\xf9\xbd\xa8\xf9\xbd\xa8\x01<\xb5\xf4\xa3\xcb_J_\x9b\
\xda\x8f\x9b\xda\x80\x13\xcb_J<\xb5\xf4\xa5\xf9\xbd\xa8\
\xf9\xbd\xa8\x01<\xb5\xf4\xa3\xcb_J_\x9b\xda\x8f\x9b\
\xda\x80\x13\xcb_Jo\x96\xbeg\xdd\xa7\xfc\xde\xd4\xcc\
\xfe\xf6\x80\x1d\xe5\xaf\xa5\x1eZ\xfaR\xfc\xde\xd4|\xde\
\xd4\x00\x9eZ\xfaQ\xe5\xaf\xa5/\xcd\xedG\xcd\xed@\
\x09\xe5\xaf\xa5\x1eZ\xfaR\xfc\xde\xd4|\xde\xd4\x00\x9e\
Z\xfaQ\xe5\xaf\xa5/\xcd\xedG\xcd\xed@\x09\xe5\xaf\
\xa5\x1eZ\xfaR\xfc\xde\xd4|\xde\xd4\x00\x9eZ\xfaQ\
\xe5\xaf\xa5/\xcd\xedG\xcd\xed@\x09\xe5\xaf\xa5\x1eZ\
\xfaR\xfc\xde\xd4|\xde\xd4\x00\x9eZ\xfaQ\xe5\xaf\xa5\
/\xcd\xedG\xcd\xed@\x09\xe5\xaf\xa56H\xd7\xe5\xf9\
\x7f\x8a\x9f\xf3{S\x1f\xfa\xd0\x03\xbc\xb5\xf4\xa3\xcb_\
J_\x9b\xda\x8f\x9b\xda\x80\x13\xcb_J<\xb5\xf4\xa5\
\xf9\xbd\xa8\xf9\xbd\xa8\x01<\xb5\xf4\xa3\xcb_J_\x9b\
\xda\x8f\x9b\xda\x80\x13\xcb_J<\xb5\xf4\xa5\xf9\xbd\xa8\
\xf9\xbd\xa8\x01<\xb5\xf4\xa3\xcb_J_\x9b\xda\x8f\x9b\
\xda\x80\x13\xcb_J<\xb5\xf4\xa5\xf9\xbd\xa8\xf9\xbd\xa8\
\x01<\xb5\xf4\xa3\xcb_J_\x9b\xda\x8f\x9b\xda\x80\x13\
\xcb_J<\xb5\xf4\xa5\xf9\xbd\xa8\xf9\xbd\xa8\x01<\xb5\
\xf4\xa3\xcb_J_\x9b\xda\x8f\x9b\xda\x80\x1b\x1ck\xe5\
\xaf\xcbK\xe5\xaf\xa56/\xf5KO\xf9\xbd\xa8\x01<\
\xb5\xf4\xa3\xcb_J_\x9b\xda\x8f\x9b\xda\x80\x13\xcb_\
J<\xb5\xf4\xa5\xf9\xbd\xa8\xf9\xbd\xa8\x01<\xb5\xf4\xa3\
\xcb_J_\x9b\xda\x8f\x9b\xda\x80\x13\xcb_J<\xb5\
\xf4\xa5\xf9\xbd\xa8\xf9\xbd\xa8\x01<\xb5\xf4\xa3\xcb_J\
_\x9b\xda\x8f\x9b\xda\x80\x13\xcb_J<\xb5\xf4\xa5\xf9\
\xbd\xa8\xf9\xbd\xa8\x01<\xb5\xf4\xa3\xcb_J_\x9b\xda\
\x8f\x9b\xda\x80\x13\xcb_J<\xb5\xf4\xa5\xf9\xbd\xa8\xf9\
\xbd\xa8\x01\x8a\x8b\xb8\xfc\xb4\xef-})\xab\xf7\xda\x9f\
\xf3{P\x02yk\xe9G\x96\xbe\x94\xbf7\xb5\x1f7\
\xb5\x00'\x96\xbe\x94yk\xe9K\xf3{Q\xf3{P\
\x02yk\xe9G\x96\xbe\x94\xbf7\xb5\x1f7\xb5\x00'\
\x96\xbe\x94yk\xe9K\xf3{Q\xf3{P\x02yk\
\xe9G\x96\xbe\x94\xbf7\xb5\x1f7\xb5\x00'\x96\xbe\x94\
yk\xe9K\xf3{Q\xf3{P\x02yk\xe9Ri\
\xf7\x8f\xa5\xdfCs\x0bl\x9a\xdd\xd6X\xdf\xfb\xac\xad\
\xb9i\x9f7\xb5\x1f7\xb58\xe8\xca\xa79B|\xd1\
:\xcf\xda\x93K\x86\xe7\xc6\x96\x1e$\xb5E[?\x16\
XE\x7f\xc7\xddYv\xed\x95\x7f\xde\xdc\xbf\xf8\xf5y\
\x97\x96\xbe\x95\xeb\x97\xb1\xff\x00\xc2y\xfb5\xdcG\xf7\
\xef<\x17\x7f\xe7'\xf7\xbe\xcb?\xca\xdf\xf9\x13\xe6\xaf\
%\xadsH\xde\xaf\xb5\x8f\xda\xd7\xfc\xff\x00\x1b\x97\xc4\
\x14\xd7\xd6>\xb1\x1d\xaa.o\x9b\xdf\xff\x00&Ln\
\xc52/\x14\xeaA\xfe\xb1ik\xcd< \xa2\x8a(\
\x00\xa2\x8a(\x00\xa2\x8a(\x00\xa2\x8a(\x00\xa2\x8a(\
\x00\xa2\x8a(\x00\xa2\x8a(\x00\xa2\x8a(\x01\xb3\xff\x00\
\xab\x7f\xf7h\x8f\xee\x0a'\xff\x00V\xff\x00\xee\xd3\xa1\
\x8d\xa4\xd8\xa8\xac\xc5\xbeU\x03\xf8\xa9\xa4\xdb\xb0\xe2\xae\
\xec\x8f]\xf8O\x1f\xfc \x7f\x01\xfcQ\xe2\x16\xf9.\
\xb5\xe7]\x12\xc8\xee\xda\xdb>\xf4\xcc\xbf\xf0\x1f\xfd\x06\
\xb8\x1f\x9b\xda\xbd\x1f\xe3\xc4k\xe0\xfd'\xc3\x1e\x0c\x8d\
\xbe_\x0f\xd8,\xb7\x80\x7f\x15\xd4\xff\x00;\xff\x00\xec\
\xbf\xf7\xd5y\xc7\xcd\xed^\xde;\xdcp\xa1\xfc\xaa\xdf\
=\xdf\xe3\xa1\xf5\xb9\xa2T\xfd\x9e\x12?\xf2\xed[\xe7\
\xbc\xbf\x17o\x90|\xde\xd4|\xde\xd4|\xde\xd4|\xde\
\xd5\xe7\x9eH|\xde\xd4|\xde\xd4|\xde\xd4|\xde\xd4\
\x00|\xde\xd4|\xde\xd4|\xde\xd4|\xde\xd4\x00|\xde\
\xd4|\xde\xd4|\xde\xd4|\xde\xd4\x00|\xde\xd4|\xde\
\xd4|\xde\xd4|\xde\xd4\x00|\xde\xd4|\xde\xd4|\xde\
\xd4|\xde\xd4\x00|\xde\xd4|\xde\xd4|\xde\xd4|\xde\
\xd4\x00|\xde\xd4\xc4\xfe\xb4\xff\x00\x9b\xda\x98\x9f\xd6\x80\
\x1f\xf3{Q\xf3{Q\xf3{Q\xf3{P\x01\xf3{\
Q\xf3{Q\xf3{Q\xf3{P\x01\xf3{Q\xf3{\
Q\xf3{Q\xf3{P\x01\xf3{Q\xf3{Q\xf3{\
Q\xf3{P\x01\xf3{Q\xf3{Q\xf3{Q\xf3{\
P\x01\xf3{Q\xf3{Q\xf3{Q\xf3{P\x01\xf3\
{Q\xf3{Q\xf3{Q\xf3{P\x01\xf3{Q\xf3\
{Q\xf3{Q\xf3{P\x01\xf3{S3\xfb\xda\x7f\
\xcd\xedL\xcf\xefh\x01\xff\x007\xb5\x1f7\xb5\x1f7\
\xb5\x1f7\xb5\x00\x1f7\xb5\x1f7\xb5\x1f7\xb5\x1f7\
\xb5\x00\x1f7\xb5\x1f7\xb5\x1f7\xb5\x1f7\xb5\x00\x1f\
7\xb5\x1f7\xb5\x1f7\xb5\x1f7\xb5\x00\x1f7\xb5\x1f\
7\xb5\x1f7\xb5\x1f7\xb5\x00\x1f7\xb5\x1f7\xb5\x1f\
7\xb5\x1f7\xb5\x00\x1f7\xb5\x1f7\xb5\x1f7\xb5\x1f\
7\xb5\x00\x1f7\xb5\x1f7\xb5\x1f7\xb5\x1f7\xb5\x00\
\x1f7\xb51\xff\x00\xad?\xe6\xf6\xa6?\xf5\xa0\x07\xfc\
\xde\xd4|\xde\xd4|\xde\xd4|\xde\xd4\x00|\xde\xd4|\
\xde\xd4|\xde\xd4|\xde\xd4\x00|\xde\xd4|\xde\xd4|\
\xde\xd4|\xde\xd4\x00|\xde\xd4|\xde\xd4|\xde\xd4|\
\xde\xd4\x00|\xde\xd4|\xde\xd4|\xde\xd4|\xde\xd4\x00\
|\xde\xd4|\xde\xd4|\xde\xd4|\xde\xd4\x00|\xde\xd4\
|\xde\xd4|\xde\xd4|\xde\xd4\x00|\xde\xd4|\xde\xd4\
|\xde\xd4|\xde\xd4\x00|\xde\xd4|\xde\xd4|\xde\xd4\
|\xde\xd4\x00\xc8\xbf\xd5-?\xe6\xf6\xa6E\xfe\xa9i\
\xff\x007\xb5\x00\x1f7\xb5\x1f7\xb5\x1f7\xb5\x1f7\
\xb5\x00\x1f7\xb5\x1f7\xb5\x1f7\xb5\x1f7\xb5\x00\x1f\
7\xb5\x1f7\xb5\x1f7\xb5\x1f7\xb5\x00\x1f7\xb5\x1f\
7\xb5\x1f7\xb5\x1f7\xb5\x00\x1f7\xb5\x1f7\xb5\x1f\
7\xb5\x1f7\xb5\x00\x1f7\xb5\x1f7\xb5\x1f7\xb5\x1f\
7\xb5\x00\x1f7\xb5\x1f7\xb5\x1f7\xb5\x1f7\xb5\x00\
\x1f7\xb5\x1f7\xb5\x1f7\xb5\x1f7\xb5\x001~\xfb\
S\xfeojb\xfd\xf6\xa7\xfc\xde\xd4\x00|\xde\xd4|\
\xde\xd4|\xde\xd4|\xde\xd4\x00|\xde\xd4|\xde\xd4|\
\xde\xd4|\xde\xd4\x00|\xde\xd4|\xde\xd4|\xde\xd4|\
\xde\xd4\x00|\xde\xd4|\xde\xd4|\xde\xd4|\xde\xd4\x00\
|\xde\xd4|\xde\xd4|\xde\xd4|\xde\xd4\x00|\xde\xd4\
|\xde\xd4|\xde\xd4|\xde\xd4\x00|\xde\xd4|\xde\xd4\
|\xde\xd4|\xde\xd4\x01\xdc~\xcf\xfa\xa4+\xe3\x87\xd1\
\xef\x1bn\x9f\xe2kyt\x99\xf3\xfc>j\xfc\x8d\xfe\
\xf7\x99\xb7\xfe\xfa\xaf4\xf1\x06\x8bq\xe1\xbdr\xf3O\
\xbaM\x9763\xbc\x12\x8f\xf6\x95\xb6\xb5kZ\xddI\
cu\x1c\xd0\xbb$\x90\xc9\xbd\x1c\x7f\x0b/\xddj\xeb\
?i\xed6=C\xc4\xbaW\x8a\xad\x93e\xa7\x8b,\
\x12\xe9\xb1\xf7V\xe1\x17d\xcb\xff\x00}m\xff\x00\xbe\
\xab\xb2\xa4}\xae\x0f\xce\x0f\xf0\x7f\xe4\xff\x003\xbb\x11\
O\xeb\x19u\xfa\xd2\x7f\x84\xbf\xc9\xdb\xef<\xc0\x7f\xac\
ZZA\xfe\xb1ik\xc7>d(\xa2\x8a\x00(\xa2\
\x8a\x00(\xa2\x8a\x00(\xa2\x8a\x00(\xa2\x8a\x00(\xa2\
\x8a\x00(\xa2\x8a\x00(\xa2\x8a\x00l\xff\x00\xea\xdf\xfd\
\xda\xf4\x0f\xd9\x9f\xc2p\xf8\x93\xe2\x85\xad\xcd\xe2\xff\x00\
\xc4\xafA\x89\xf5k\xc7\xdb\xf2\xaaD\xbb\x97\xff\x00\x1e\
\xdb^\x7f?\xfa\xb7\xff\x00v\xbdk\xc2\xb0\xff\x00\xc2\
\xbd\xfd\x9cno\x19v\xea\x1e6\xba\xfb,_\xde\xfb\
$\x1f3\xb2\xff\x00\xbd#m\xafG,\xa6\xa5[\xda\
Ohk\xf7m\xf7\xbb#\xdb\xc8h\xa9\xe2\x15Z\x8b\
\xdc\xa7\xef?\x96\xcb\xe6\xec\xbeg3\xe3O\x14M\xe3\
O\x16j\x1a\xad\xc7\xfa\xcdBw\x97\x1f\xddVo\x95\
\x7f\xe0+\x85\xac\xcf\x9b\xda\x8f\x9b\xda\x8f\x9b\xda\xa6\xa5\
G99\xcbvUZ\x8e\xa5G9\xee\xc3\xe6\xf6\xa3\
\xe6\xf6\xa3\xe6\xf6\xa3\xe6\xf6\xa82\x0f\x9b\xda\x8f\x9b\xda\
\x8f\x9b\xda\x8f\x9b\xda\x80\x0f\x9b\xda\x8f\x9b\xda\x8f\x9b\xda\
\x8f\x9b\xda\x80\x0f\x9b\xda\x8f\x9b\xda\x8f\x9b\xda\x8f\x9b\xda\
\x80\x0f\x9b\xda\x8f\x9b\xda\x8f\x9b\xda\x8f\x9b\xda\x80\x0f\x9b\
\xda\x8f\x9b\xda\x8f\x9b\xda\x8f\x9b\xda\x80\x0f\x9b\xda\x8f\x9b\
\xda\x8f\x9b\xda\x8f\x9b\xda\x80\x0f\x9b\xda\x98\x9f\xd6\x9f\xf3\
{S\x13\xfa\xd0\x03\xfeoj>oj>oj>\
oj\x00>oj>oj>oj>oj\x00\
>oj>oj>oj>oj\x00>oj\
>oj>oj>oj\x00>oj>oj\
>oj>oj\x00>oj>oj>oj\
>oj\x00>oj>oj>oj>oj\
\x00>oj>oj>oj>oj\x00>o\
jf\x7f{O\xf9\xbd\xa9\x99\xfd\xed\x00?\xe6\xf6\xa3\
\xe6\xf6\xa3\xe6\xf6\xa3\xe6\xf6\xa0\x03\xe6\xf6\xa3\xe6\xf6\xa3\
\xe6\xf6\xa3\xe6\xf6\xa0\x03\xe6\xf6\xa3\xe6\xf6\xa3\xe6\xf6\xa3\
\xe6\xf6\xa0\x03\xe6\xf6\xa3\xe6\xf6\xa3\xe6\xf6\xa3\xe6\xf6\xa0\
\x03\xe6\xf6\xa3\xe6\xf6\xa3\xe6\xf6\xa3\xe6\xf6\xa0\x03\xe6\xf6\
\xa3\xe6\xf6\xa3\xe6\xf6\xa3\xe6\xf6\xa0\x03\xe6\xf6\xa3\xe6\xf6\
\xa3\xe6\xf6\xa3\xe6\xf6\xa0\x03\xe6\xf6\xa3\xe6\xf6\xa3\xe6\xf6\
\xa3\xe6\xf6\xa0\x03\xe6\xf6\xa6?\xf5\xa7\xfc\xde\xd4\xc7\xfe\
\xb4\x00\xff\x00\x9b\xda\x8f\x9b\xda\x8f\x9b\xda\x8f\x9b\xda\x80\
\x0f\x9b\xda\x8f\x9b\xda\x8f\x9b\xda\x8f\x9b\xda\x80\x0f\x9b\xda\
\x8f\x9b\xda\x8f\x9b\xda\x8f\x9b\xda\x80\x0f\x9b\xda\x8f\x9b\xda\
\x8f\x9b\xda\x8f\x9b\xda\x80\x0f\x9b\xda\x8f\x9b\xda\x8f\x9b\xda\
\x8f\x9b\xda\x80\x0f\x9b\xda\x8f\x9b\xda\x8f\x9b\xda\x8f\x9b\xda\
\x80\x0f\x9b\xda\x8f\x9b\xda\x8f\x9b\xda\x8f\x9b\xda\x80\x0f\x9b\
\xda\x8f\x9b\xda\x8f\x9b\xda\x8f\x9b\xda\x80\x0f\x9b\xda\x8f\x9b\
\xda\x8f\x9b\xda\x8f\x9b\xda\x80\x19\x17\xfa\xa5\xa7\xfc\xde\xd4\
\xc8\xbf\xd5-?\xe6\xf6\xa0\x03\xe6\xf6\xa3\xe6\xf6\xa3\xe6\
\xf6\xa3\xe6\xf6\xa0\x03\xe6\xf6\xa3\xe6\xf6\xa3\xe6\xf6\xa3\xe6\
\xf6\xa0\x03\xe6\xf6\xa3\xe6\xf6\xa3\xe6\xf6\xa3\xe6\xf6\xa0\x03\
\xe6\xf6\xa3\xe6\xf6\xa3\xe6\xf6\xa3\xe6\xf6\xa0\x03\xe6\xf6\xa3\
\xe6\xf6\xa3\xe6\xf6\xa3\xe6\xf6\xa0\x03\xe6\xf6\xa3\xe6\xf6\xa3\
\xe6\xf6\xa3\xe6\xf6\xa0\x03\xe6\xf6\xa3\xe6\xf6\xa3\xe6\xf6\xa3\
\xe6\xf6\xa0\x03\xe6\xf6\xa3\xe6\xf6\xa3\xe6\xf6\xa3\xe6\xf6\xa0\
\x06/\xdfj\x7f\xcd\xedL_\xbe\xd4\xff\x00\x9b\xda\x80\
\x0f\x9b\xda\x8f\x9b\xda\x8f\x9b\xda\x8f\x9b\xda\x80\x0f\x9b\xda\
\x8f\x9b\xda\x8f\x9b\xda\x8f\x9b\xda\x80\x0f\x9b\xda\x8f\x9b\xda\
\x8f\x9b\xda\x8f\x9b\xda\x80\x0f\x9b\xda\x8f\x9b\xda\x8f\x9b\xda\
\x8f\x9b\xda\x80\x0f\x9b\xda\x8f\x9b\xda\x8f\x9b\xda\x8f\x9b\xda\
\x80\x0f\x9b\xda\x8f\x9b\xda\x8f\x9b\xda\x8f\x9b\xda\x80\x0f\x9b\
\xda\x8f\x9b\xda\x8f\x9b\xda\x8f\x9b\xda\x80\x0f\x9b\xda\xbd\x07\
O\xb6\xff\x00\x85\x81\xfb6kZ\x7f\xdf\xbe\xf0\x8d\xd2\
\xea\x96\xff\x00\xde\xfb;\xfc\xb2\xaf\xfb\xab\xf7\xab\xcf\xbe\
oj\xec\xbe\x01\xf8\xb2?\x0a\xfcH\xb3[\xaf\x9bM\
\xd5\x15\xb4\xeb\xd4?u\xa2\x97\xe5\xf9\xbf\xddm\xad\xff\
\x00\x01\xae\xec\x04\x97\xb4\xe4\x96\xd3\xd1\xfc\xff\x00\xc9\xea\
zyMH{\x7fcS\xe0\xa8\xb9_\xcf\xaf\xc9\xd9\
\xfc\x8f-\x1f\xeb\x16\x96\xb6>\x22x>O\x87\xfe<\
\xd54Y\xbeg\xd3\xee\x1e%?\xde^\xcd\xff\x00\x02\
]\xad\xff\x00\x02\xacz\xf2jSp\xa8\xe1=\xd1\xf3\
X\x8a3\xa3Q\xd2\x9e\xf1\xd0(\xa2\x8a\xcc\xc4(\xa2\
\x8a\x00(\xa2\x8a\x00(\xa2\x8a\x00(\xa2\x8a\x00(\xa2\
\x8a\x00(\xa2\x8a\x00\x9bO\xb3}B\xfa\x1bt\xfb\xf7\
\x0e\xa8\xbf\xef3m\xae\xc3\xe2\x07\xc3\xfd/C\xd1\xef\
\xaet\xb9/\x99\xb4}K\xfb&\xf3\xed2+-\xc3\
\xedfYSj\xae\xc5\xdc\x8f\xf26\xef\xe1\xf9\xab\x8d\
\x82\xe1\xednRD\xf9^6V_\xf8\x0du\x1e<\
\xf8\x91\x0f\x8b4\xb9\xad\xad\xb4\xf6\xd3\xff\x00\xb4/\x7f\
\xb4\xaf\xcf\xda<\xdf:m\xbb~O\x95vF\xbb\x9f\
\xe5m\xcd\xf3}\xea\xceW\xba\xb1Z\x1e\xa5\xfb\x13\xff\
\x00\xc17\xbcq\xfbui\xfe$\xd4\xf4=c\xc1>\
\x0c\xf0\xaf\x84\xcd\xbcz\xaf\x89\xbcc\xab\x8d'G\xb6\
\x9a\xe1\x99a\x87\xce\xd8\xec\xd2\xbe\x0f\xca\xaa\xdf\xc3\xbb\
n\xe5\xdd\xd1\x7f\xc1G?e\xff\x00\x16~\xc7\xff\x00\
\x19\xf4\x7f\x03x\x92\xde\xcd,lt+I\xb4;\xdb\
\x1b\x81qc\xac\xd9\xb8o\xf4\xb8d\x1dU\xe4W_\
\xe1o\x93\xee\xd6\xc7\xec\x0d\xfbl|/\xf8a\xfb7\
\xf8\xf7\xe0\xaf\xc6\xcd\x07\xc7\xda\x87\xc3\xef\x19j\xf6>\
\x22\xb5\xd5<\x13wo\x0e\xb7\xa4\xea\x16\xaa\xcb\xb8}\
\xa1\xbc\xa7GB\xbf{\xee\xedo\xbd\xbb\xe5\xe6\xff\x00\
\xe0\xa6\xdf\xb6\xd7\x87\xbfl\xaf\x88^\x09\xb6\xf06\x83\
\xaexg\xc0?\x0b\xfc-m\xe1?\x0fE\xab^\xf9\
\xfa\x9d\xe41\x17sqv\xe8\xde_\x9a\xec\xe7\xe5]\
\xca\xbb\x7f\xda\xad(\xe2\xabB\xf4\xfe\xcb\xfe\xbf3\xd1\
\xc3\xe3\x15*\x12\xa7\x1f\xb7k\xfc\xbf\xaf\xc1\x1e\x15\xf3\
{Q\xf3{V\x06\xe9?\xe7\xb5\xc7\xfd\xff\x00\x7f\xfe\
*\x8d\xd2\x7f\xcfk\x8f\xfb\xfe\xff\x00\xfcUm\xed\x88\
\xfa\xd2\xeco\xfc\xde\xd4|\xde\xd5\x81\xbaO\xf9\xedq\
\xff\x00\x7f\xdf\xff\x00\x8a\xa3t\x9f\xf3\xda\xe3\xfe\xff\x00\
\xbf\xff\x00\x15G\xb6\x0f\xadG\xf9M\xff\x00\x9b\xda\x8f\
\x9b\xda\xb07I\xff\x00=\xae?\xef\xfb\xff\x00\xf1T\
n\x93\xfe{\x5c\x7f\xdf\xf7\xff\x00\xe2\xa8\xf6\xc1\xf5\xa8\
\xff\x00)\xbf\xf3{Q\xf3{V\x06\xe9?\xe7\xb5\xc7\
\xfd\xff\x00\x7f\xfe*\x8d\xd2\x7f\xcfk\x8f\xfb\xfe\xff\x00\
\xfcU\x1e\xd8>\xb5\x1f\xe57\xfeoj>oj\xc0\
\xdd'\xfc\xf6\xb8\xff\x00\xbf\xef\xff\x00\xc5Q\xbaO\xf9\
\xedq\xff\x00\x7f\xdf\xff\x00\x8a\xa3\xdb\x07\xd6\xa3\xfc\xa6\
\xff\x00\xcd\xedG\xcd\xedX\x1b\xa4\xff\x00\x9e\xd7\x1f\xf7\
\xfd\xff\x00\xf8\xaa7I\xff\x00=\xae?\xef\xfb\xff\x00\
\xf1T{`\xfa\xd4\x7f\x94\xdf\xf9\xbd\xa8\xf9\xbd\xab\x03\
t\x9f\xf3\xda\xe3\xfe\xff\x00\xbf\xff\x00\x15F\xe9?\xe7\
\xb5\xc7\xfd\xff\x00\x7f\xfe*\x8fl\x1fZ\x8f\xf2\x9b\xff\
\x007\xb5\x1f7\xb5`n\x93\xfe{\x5c\x7f\xdf\xf7\xff\
\x00\xe2\xa8\xdd'\xfc\xf6\xb8\xff\x00\xbf\xef\xff\x00\xc5Q\
\xed\x83\xebQ\xfeS\x7f\xe6\xf6\xa6'\xf5\xac=\xd2\x7f\
\xcfk\x8f\xfb\xfe\xff\x00\xfcU6=\xe7w\xef\xae>\
\xf7\xfc\xf7\x7f\xfe*\x8fl\x1fZ\x8f\xf2\x9d\x0f\xcd\xed\
G\xcd\xedX\x1b\xa4\xff\x00\x9e\xd7\x1f\xf7\xfd\xff\x00\xf8\
\xaa7I\xff\x00=\xae?\xef\xfb\xff\x00\xf1T{`\
\xfa\xd4\x7f\x94\xdf\xf9\xbd\xa8\xf9\xbd\xab\x03t\x9f\xf3\xda\
\xe3\xfe\xff\x00\xbf\xff\x00\x15F\xe9?\xe7\xb5\xc7\xfd\xff\
\x00\x7f\xfe*\x8fl\x1fZ\x8f\xf2\x9b\xff\x007\xb5\x1f\
7\xb5`n\x93\xfe{\x5c\x7f\xdf\xf7\xff\x00\xe2\xa8\xdd\
'\xfc\xf6\xb8\xff\x00\xbf\xef\xff\x00\xc5Q\xed\x83\xebQ\
\xfeS\x7f\xe6\xf6\xa3\xe6\xf6\xac\x0d\xd2\x7f\xcfk\x8f\xfb\
\xfe\xff\x00\xfcU\x1b\xa4\xff\x00\x9e\xd7\x1f\xf7\xfd\xff\x00\
\xf8\xaa=\xb0}j?\xcao\xfc\xde\xd4|\xde\xd5\x81\
\xbaO\xf9\xedq\xff\x00\x7f\xdf\xff\x00\x8a\xa3t\x9f\xf3\
\xda\xe3\xfe\xff\x00\xbf\xff\x00\x15G\xb6\x0f\xadG\xf9M\
\xff\x00\x9b\xda\x8f\x9b\xda\xb07I\xff\x00=\xae?\xef\
\xfb\xff\x00\xf1Tn\x93\xfe{\x5c\x7f\xdf\xf7\xff\x00\xe2\
\xa8\xf6\xc1\xf5\xa8\xff\x00)\xbf\xf3{Q\xf3{V\x06\
\xe9?\xe7\xb5\xc7\xfd\xff\x00\x7f\xfe*\x8d\xd2\x7f\xcfk\
\x8f\xfb\xfe\xff\x00\xfcU\x1e\xd8>\xb5\x1f\xe57\xfeo\
j>oj\xc0\xdd'\xfc\xf6\xb8\xff\x00\xbf\xef\xff\x00\
\xc5Q\xbaO\xf9\xedq\xff\x00\x7f\xdf\xff\x00\x8a\xa3\xdb\
\x07\xd6\xa3\xfc\xa6\xff\x00\xcd\xedL\xcf\xefk\x0ft\x9f\
\xf3\xda\xe3\xfe\xff\x00\xbf\xff\x00\x15I\xf3\xf9\x9f\xeb\xae\
>\xef\xfc\xf7\x7f\xfe*\x8fl\x1fZ\x8f\xf2\x9d\x07\xcd\
\xedG\xcd\xedX\x1b\xa4\xff\x00\x9e\xd7\x1f\xf7\xfd\xff\x00\
\xf8\xaa7I\xff\x00=\xae?\xef\xfb\xff\x00\xf1T{\
`\xfa\xd4\x7f\x94\xdf\xf9\xbd\xa8\xf9\xbd\xab\x03t\x9f\xf3\
\xda\xe3\xfe\xff\x00\xbf\xff\x00\x15F\xe9?\xe7\xb5\xc7\xfd\
\xff\x00\x7f\xfe*\x8fl\x1fZ\x8f\xf2\x9b\xff\x007\xb5\
\x1f7\xb5`n\x93\xfe{\x5c\x7f\xdf\xf7\xff\x00\xe2\xa8\
\xdd'\xfc\xf6\xb8\xff\x00\xbf\xef\xff\x00\xc5Q\xed\x83\xeb\
Q\xfeS\x7f\xe6\xf6\xa3\xe6\xf6\xac\x0d\xd2\x7f\xcfk\x8f\
\xfb\xfe\xff\x00\xfcU\x1b\xa4\xff\x00\x9e\xd7\x1f\xf7\xfd\xff\
\x00\xf8\xaa=\xb0}j?\xcao\xfc\xde\xd4|\xde\xd5\
\x81\xbaO\xf9\xedq\xff\x00\x7f\xdf\xff\x00\x8a\xa3t\x9f\
\xf3\xda\xe3\xfe\xff\x00\xbf\xff\x00\x15G\xb6\x0f\xadG\xf9\
M\xff\x00\x9b\xda\x8f\x9b\xda\xb07I\xff\x00=\xae?\
\xef\xfb\xff\x00\xf1Tn\x93\xfe{\x5c\x7f\xdf\xf7\xff\x00\
\xe2\xa8\xf6\xc1\xf5\xa8\xff\x00)\xbf\xf3{Q\xf3{V\
\x06\xe9?\xe7\xb5\xc7\xfd\xff\x00\x7f\xfe*\x8d\xd2\x7f\xcf\
k\x8f\xfb\xfe\xff\x00\xfcU\x1e\xd8>\xb5\x1f\xe57\xfe\
oj>oj\xc0\xdd'\xfc\xf6\xb8\xff\x00\xbf\xef\xff\
\x00\xc5Q\xbaO\xf9\xedq\xff\x00\x7f\xdf\xff\x00\x8a\xa3\
\xdb\x07\xd6\xa3\xfc\xa6\xff\x00\xcd\xedL\x7f\xebX{\xa4\
\xff\x00\x9e\xd7\x1f\xf7\xfd\xff\x00\xf8\xaal\x9b\xc6\xdf\xdf\
\x5c}\xef\xf9\xee\xff\x00\xfcU\x1e\xd8>\xb5\x1f\xe5:\
\x1f\x9b\xda\x8f\x9b\xda\xb07I\xff\x00=\xae?\xef\xfb\
\xff\x00\xf1Tn\x93\xfe{\x5c\x7f\xdf\xf7\xff\x00\xe2\xa8\
\xf6\xc1\xf5\xa8\xff\x00)\xbf\xf3{Q\xf3{V\x06\xe9\
?\xe7\xb5\xc7\xfd\xff\x00\x7f\xfe*\x8d\xd2\x7f\xcfk\x8f\
\xfb\xfe\xff\x00\xfcU\x1e\xd8>\xb5\x1f\xe57\xfeoj\
>oj\xc0\xdd'\xfc\xf6\xb8\xff\x00\xbf\xef\xff\x00\xc5\
Q\xbaO\xf9\xedq\xff\x00\x7f\xdf\xff\x00\x8a\xa3\xdb\x07\
\xd6\xa3\xfc\xa6\xff\x00\xcd\xedG\xcd\xedX\x1b\xa4\xff\x00\
\x9e\xd7\x1f\xf7\xfd\xff\x00\xf8\xaa7I\xff\x00=\xae?\
\xef\xfb\xff\x00\xf1T{`\xfa\xd4\x7f\x94\xdf\xf9\xbd\xa8\
\xf9\xbd\xab\x03t\x9f\xf3\xda\xe3\xfe\xff\x00\xbf\xff\x00\x15\
F\xe9?\xe7\xb5\xc7\xfd\xff\x00\x7f\xfe*\x8fl\x1fZ\
\x8f\xf2\x9b\xff\x007\xb5\x1f7\xb5`n\x93\xfe{\x5c\
\x7f\xdf\xf7\xff\x00\xe2\xa8\xdd'\xfc\xf6\xb8\xff\x00\xbf\xef\
\xff\x00\xc5Q\xed\x83\xebQ\xfeS\x7f\xe6\xf6\xa3\xe6\xf6\
\xac\x0d\xd2\x7f\xcfk\x8f\xfb\xfe\xff\x00\xfcU\x1b\xa4\xff\
\x00\x9e\xd7\x1f\xf7\xfd\xff\x00\xf8\xaa=\xb0}j?\xca\
o\xfc\xde\xd4|\xde\xd5\x81\xbaO\xf9\xedq\xff\x00\x7f\
\xdf\xff\x00\x8a\xa3t\x9f\xf3\xda\xe3\xfe\xff\x00\xbf\xff\x00\
\x15G\xb6\x0f\xadG\xf9M\xff\x00\x9b\xda\x8f\x9b\xda\xb0\
7I\xff\x00=\xae?\xef\xfb\xff\x00\xf1Tn\x93\xfe\
{\x5c\x7f\xdf\xf7\xff\x00\xe2\xa8\xf6\xc1\xf5\xa8\xff\x00)\
\xb9\x17\xfa\xa5\xa7\xfc\xde\xd5\xcfG\xbf\xcb_\xdf\x5c\x7f\
\xdf\xf7\xff\x00\xe2\xa9\xdb\xa4\xff\x00\x9e\xd7\x1f\xf7\xfd\xff\
\x00\xf8\xaa=\xb0}j?\xcao\xfc\xde\xd4|\xde\xd5\
\x81\xbaO\xf9\xedq\xff\x00\x7f\xdf\xff\x00\x8a\xa3t\x9f\
\xf3\xda\xe3\xfe\xff\x00\xbf\xff\x00\x15G\xb6\x0f\xadG\xf9\
M\xff\x00\x9b\xda\x8f\x9b\xda\xb07I\xff\x00=\xae?\
\xef\xfb\xff\x00\xf1Tn\x93\xfe{\x5c\x7f\xdf\xf7\xff\x00\
\xe2\xa8\xf6\xc1\xf5\xa8\xff\x00)\xbf\xf3{Q\xf3{V\
\x06\xe9?\xe7\xb5\xc7\xfd\xff\x00\x7f\xfe*\x8d\xd2\x7f\xcf\
k\x8f\xfb\xfe\xff\x00\xfcU\x1e\xd8>\xb5\x1f\xe57\xfe\
oj>oj\xc0\xdd'\xfc\xf6\xb8\xff\x00\xbf\xef\xff\
\x00\xc5Q\xbaO\xf9\xedq\xff\x00\x7f\xdf\xff\x00\x8a\xa3\
\xdb\x07\xd6\xa3\xfc\xa6\xff\x00\xcd\xedG\xcd\xedX\x1b\xa4\
\xff\x00\x9e\xd7\x1f\xf7\xfd\xff\x00\xf8\xaa7I\xff\x00=\
\xae?\xef\xfb\xff\x00\xf1T{`\xfa\xd4\x7f\x94\xdf\xf9\
\xbd\xa8\xf9\xbd\xab\x03t\x9f\xf3\xda\xe3\xfe\xff\x00\xbf\xff\
\x00\x15F\xe9?\xe7\xb5\xc7\xfd\xff\x00\x7f\xfe*\x8fl\
\x1fZ\x8f\xf2\x9b\xff\x007\xb5\x1f7\xb5`n\x93\xfe\
{\x5c\x7f\xdf\xf7\xff\x00\xe2\xa8\xdd'\xfc\xf6\xb8\xff\x00\
\xbf\xef\xff\x00\xc5Q\xed\x83\xebQ\xfeS\x7f\xe6\xf6\xa3\
\xe6\xf6\xac\x0d\xd2\x7f\xcfk\x8f\xfb\xfe\xff\x00\xfcU\x1b\
\xa4\xff\x00\x9e\xd7\x1f\xf7\xfd\xff\x00\xf8\xaa=\xb0}j\
?\xcan/\xdfj\x7f\xcd\xed\x5c\xf2\xef\xdc\xdf\xbe\xb8\
\xff\x00\xbf\xef\xff\x00\xc5S\xb7I\xff\x00=\xae?\xef\
\xfb\xff\x00\xf1T{`\xfa\xd4\x7f\x94\xdf\xf9\xbd\xa8\xf9\
\xbd\xab\x03t\x9f\xf3\xda\xe3\xfe\xff\x00\xbf\xff\x00\x15F\
\xe9?\xe7\xb5\xc7\xfd\xff\x00\x7f\xfe*\x8fl\x1fZ\x8f\
\xf2\x9b\xff\x007\xb5\x1f7\xb5`n\x93\xfe{\x5c\x7f\
\xdf\xf7\xff\x00\xe2\xa8\xdd'\xfc\xf6\xb8\xff\x00\xbf\xef\xff\
\x00\xc5Q\xed\x83\xebQ\xfeS\x7f\xe6\xf6\xa3\xe6\xf6\xac\
\x0d\xd2\x7f\xcfk\x8f\xfb\xfe\xff\x00\xfcU\x1b\xa4\xff\x00\
\x9e\xd7\x1f\xf7\xfd\xff\x00\xf8\xaa=\xb0}j?\xcao\
\xfc\xde\xd4|\xde\xd5\x81\xbaO\xf9\xedq\xff\x00\x7f\xdf\
\xff\x00\x8a\xa3t\x9f\xf3\xda\xe3\xfe\xff\x00\xbf\xff\x00\x15\
G\xb6\x0f\xadG\xf9M\xff\x00\x9b\xda\x8f\x9b\xda\xb07\
I\xff\x00=\xae?\xef\xfb\xff\x00\xf1Tn\x93\xfe{\
\x5c\x7f\xdf\xf7\xff\x00\xe2\xa8\xf6\xc1\xf5\xa8\xff\x00)\xbf\
\xf3{Q\xf3{V\x06\xe9?\xe7\xb5\xc7\xfd\xff\x00\x7f\
\xfe*\x8d\xd2\x7f\xcfk\x8f\xfb\xfe\xff\x00\xfcU\x1e\xd8\
>\xb5\x1f\xe57\xfeoj>oj\xc0\xdd'\xfc\xf6\
\xb8\xff\x00\xbf\xef\xff\x00\xc5Q\xbaO\xf9\xedq\xff\x00\
\x7f\xdf\xff\x00\x8a\xa3\xdb\x07\xd6\xa3\xfc\xa6\xff\x00\xcd\xed\
G\xcd\xedX\x1b\xa4\xff\x00\x9e\xd7\x1f\xf7\xfd\xff\x00\xf8\
\xaa7I\xff\x00=\xae?\xef\xfb\xff\x00\xf1T{k\
j\x81c\x12wH\xfd\x0e\xf1\xd7\xfc\x11+\xe3\x17\xed\
\x03\xf0\xeb\xc1\xbe0\xb1\xd4>\x1e\xd9\xf8\xeb\xc4\x1e\x17\
MR/\x02j\x1e!H|W\xac\xc2\x91\x17Y\xad\
\xed6mfh\x02\xbe\xc6ue\xe1YU\xb7-~\
y\xcd\x0b\xdb\xc8\xe8\xe8\xc8\xf1\xb6\xd6G]\xac\xad\xfd\
\xda\xfdD\xf0\x87\xfc\x16\x87\xe0:\xf8\xff\x00\xc0\xff\x00\
\x1c<I\xf0\xff\x00\xe2\xb5\xe7\xed\x0d\xe0\x0f\x0eE\xa5\
Zi\xd6\x9a\xad\xac~\x0b\xd4.\xe2\xb2k4\xbd\x94\
\x16\xfbLl\xd1\xe0\xecUa\xf2\xed\xf9\xbe\xf3~a\
\xeb\x9a\xc4\xde\x22\xd7/5\x0b\x96V\xb9\xbe\x9d\xee%\
\xda\xbbW{\xb33\x7f\xe3\xcdX\xcb\x11V\xb5WR\
\xae\xef\xf3\x16a\x88\xfa\xc5_o\xd5\xef\xeaU\xa2\x8a\
(8\x02\x8a(\xa0\x02\x8a(\xa0\x02\x8a(\xa0\x02\x8a\
(\xa0\x02\x8a(\xa0\x02\x8a(\xa0\x0d\xef\x87\xbe\x17\xb7\
\xf1f\xab}\x0d\xcb\xcc\x89o\xa7]^/\x96\xca\xad\
\xbe(\x99\xd5~e\xfb\xbb\x96\xadG\xf0\xbek\x8d\x0d\
\xaf-\xf5]\x1e\xe6H\xd6\x16\x9e\xd2)]\xe6\xb7Y\
YUY\x9bg\x96\xdf3.\xe5Wf]\xdf2\xd3\
\xbc7\xf1\x12\xd7\xc3~\x1d\x92\xdd4\x98\xdbS\xfb=\
\xc5\x9cW\x89*\xc6\xbeT\xeb\xb5\xbc\xd4\xd9\xb9\xd9W\
v\xd6\xde\xbbw}\xd6\xad\xcdC\xe3\xeb^x_\xfb\
5l/\x966\x82\xd6/(\xeaL\xd6\xb0\xb4\x0c\x8d\
\xba(vmM\xdb\x1bw\xcc\xdf3}\xef\xefc.\
{\xe8\x8a\xd0\xa3\xaa|\x07\xd4,n\x9e\xdd5M\x16\
\xf2Hn&\xb3\xb8\xf2%\x97\xfd\x1eX\xa2iY\x1b\
r.\xed\xca\xad\xb5\x97r\xfc\xb5\x8fg\xf0\xf6I-\
ln.uM'O\xb6\xbe\xb5{\xc5\x96\xe6W\xf9\
Ueh\xb6\xedTi\x19\xb7/\xddEo\x97\xe6\xfe\
\xf5mi\xff\x00\x1a\x96\xc7T\xba\xb8m-f\x8e\xf3\
V\x97Q\x963q\xb7\xe4\x96'\x89\xa2\xdd\xb7\xefm\
v\xf9\xff\x00\xf1\xda\xb5\xa5\xfcp\xb5\xd1\xda\xde;=\
+P\xb1\xb6\xb7\xd3\x9bN\x8aKmS\xca\xbe\x8f\xf7\
\xfen\xf5\x9b\xca\xf9Y\xbe\xebmO\x9b\xfd\x9a\x9f\xde\
\x06\x86|\x9f\x05o-\xda\xf9\xae\xb5]\x16\xd2\x1b;\
\x88mVY\x1eV\x8e\xe1\xa5M\xf1\x14\xdb\x136\xd6\
_\x9b\xe6\xdb\xb6\xb05\xcf\x07\xdexn\xcf\xce\xbah\
Q\xbe\xd9=\x9f\x97\xb9\xb7o\x8bn\xf6\xfb\xbfw\xe6\
U\xad\xdf\x1c|Xo\x1eG}\x1bZ\xfd\x95\xf5\x0b\
\xcb{\xa7\x95\xee\x1a_-\xa2\x81\xa2\xf9\xbe]\xcd\xbb\
v\xed\xdf{\xfd\xea\xaf\xf1s\xc6\x11\xf8\xbb\xc4\x16\xff\
\x00f\x92;\x8b{\x1bT\x83\xcd\x8d\x1a5\xb8\x97\xef\
K.\xd6\xf9\xbei\x19\x9b\xe6\xdb\xfc?*\xd5S\xe7\
\xfbA\xa1\xca\xd1E\x15\xb1!E\x14P\x01E\x14P\
\x01E\x14P\x01E\x14P\x01E\x14P\x07\xa1h\xff\
\x00\x0c\xec\xe4\xf8o\xa5\xebg\xc3\xfe*\xd7\x1e\xf3\xed\
\x0dq&\x9fp\xb1\xc1j\xb1>\xd5\xdd\xfe\x8f/\xf0\
\xfc\xdf3\x7f\x0db\xdb\xfc+\xbc\xbb\xd0\xd6\xf9n\xac\
c\x92KW\xbf\x8a\xc1\xdd\xfe\xd5%\xaa\xb6\xd6\x95~\
O/\xf8[\xe5\xdd\xbbj\xb3m\xac\xfdc\xc5\x9f\xdb\
>\x13\xd1t\xcf\xb3\xf9\x7f\xd8\xfew\xef\xb7\xee\xf3\xbc\
\xd7\xdd\xf7v\xfc\xbbk\xa2\xb7\xf8\xe1s\x1f\x81c\xd2\
]uf{{6\xb2\x8b\xca\xd5\xe5\x82\xcfc6\xed\
\xcfn\xab\xf3\xc9\xb5\x99~\xf6\xd6\xf9w+W?\xbe\
\x8a\xd0\xb5\xe2O\x80sA\xe2\xe94\xfd'P\xd3\xee\
S\xed\xf1Y4o+y\xb6~o\xfa\xa6\x9b\xe4\xdb\
\xb5\xbf\xd8\xdd\xb7\xf8\xb6\xb5a\xc7\xf0\x96\xeamCO\
\xb7\xb5\xd44\xbb\xc5\xd5/%\xb2\x82X\xdaU\x8fz\
*3n\xdc\x8a\xdb~}\xbfw\xf8Z\xb7\xa6\xf8\xf1\
m\x1f\x88\x1fR\xb3\xd0\xda\xdak\xcb\xf8ooC\xde\
y\x8b7\x95\xf7\x11>E\xd9\xf7\xb73|\xdb\x9b\xfb\
\xbfv\xb3\xfc\x0f\xf1j\xd7\xc2\xf6v\x0bu\xa3\xb5\xfd\
\xc6\x97{-\xed\x9b%\xe7\x94\xaa\xd2\xaa\xab+\x8d\x8d\
\xbb\xee\xab.\xd6]\xad\xfd\xea\x98\xfb[\x15\xee\x99\xba\
o\xc3y5M\x0ek\xc8u]\x1d\xaea\xb7{\xc3\
`%v\xb9\xf2\x91\xb6\xb3|\xa9\xe5\xab\x7f\x16\xd6u\
m\xbf\xc3V\xbcA\xf0n\xff\x00C\xbc\x9a\xd9/t\
\xbb\xfb\xab{\x88l\xe7\x8a\xd9\xa5\xdd\x0b\xcb\xbbb\xb6\
\xf4]\xdfw\xf8w}\xe5\xadM?\xe3\xb3X\xf8-\
tu\xb1\xbeT\xfe\xce\x96\xc1\xe3MI\xa3\xb3m\xec\
\xcd\xe7\xf9;?\xd6\xfc\xcb\xb9\x99\x9bv\xdf\xe1\xfb\xca\
\xdd\x13\xe2\xa41\xf8\xab\xc4\xfe \x93\xc9\xb6\x93P\x81\
\xfe\xcfd\xfb\xe5f\x99\x99Y\x1dYWj\xece\xdd\
\xb9\xb6\xff\x00\xb2\xadU\xcdT=\xd3\x87\xd5,\xff\x00\
\xb2\xf5\x0b\x8bf\x929\x9a\xdeV\x8b\xcc\x8d\xb7F\xdb\
[n\xe5\xff\x00f\xab\xd1Et\x19\x85\x14Q@\x05\
\x14Q@\x05\x14Q@\x05\x14Q@\x05\x14Q@\x05\
v^\x0d\xf8wk\xe2\x8f\x86\xba\xf6\xa9\xe6\x5c.\xa9\
\xa6\xba\xfd\x9e4e\xf2\xa4UF\x92]\xcb\xb7v\xef\
-Y\xbeV\xfe\x1a\xe3k\xa9\xf0/\xc4\xaf\xf8B\xec\
\xe3\xb7k\x05\xbc\x8do\xd2\xf2Ty|\xb5\x99\x16'\
G\x89\xbe_\xe2Wo\x9b\xff\x00\x1d\xac\xea^\xda\x04\
\x7f\xbcj\xf8\x83\xe1\x15\x9e\x9b\xe1\xdf\x0e\xc8\x9a\x84v\
\xb7\xda\x82\xca\xd7\xf2^\xca\xb1\xdb[\xedD\x95Uv\
\xae\xed\xde\x5c\xab\xf2\xae\xe6f\xfb\xabY\xf7\xbf\x06\xee\
l\xec\xef/\x9fV\xd1\xfe\xc1ko\x0d\xc2\x5c\x06\x9d\
\x96\xe9e\xdd\xb0\x22\xf9^f\xed\xc8\xcb\xf3*\xff\x00\
\xdf?5jZ||t\xd6\x16\xeam>F\x7f\xb4\
^\xcf\xbe\xde\xeb\xca\x96\x1f\xb4\xa2\x22\xf9O\xb1\xb62\
*|\xad\xb5\xaa\xb7\x8e>4?\x8d4\xbb\x8bf\xb3\
\xbaW\x99-b\xfbE\xc5\xeb\x5c\xca\xdeCK\xb5\x99\
\x99~fo7\xe6\xff\x00w\xfd\xad\xab\x9f\xef\x0d=\
\xd1|;\xf0_\xed\x9e$\xb7\xd3\xef\xb5M?\xed\x12\
,\xabqi\x04\xec\xb76n\xb0<\xa8\xaf\xbd6\xb2\
\xee_\x99\x91\x9bo\xddm\xb5\xce\xf8\xb3\xc1\xf2xN\
K6k\xab;\xfbmB\x1f\xb4[\x5cZ3\xf9r\
.\xe6V\xf9]U\x95\x95\x95\x97\xe6Z\xe8\xae>.\
XI\xe2\x07\xd6\x17A\x93\xfbZ\xf0K\xf6\xc9\xde\xfd\
\x9a6g\x81\xa2o)6|\x8b\xb9\xb76\xed\xff\x00\
wj\xb2\xd75\xafx\x9b\xfbsG\xd1\xed|\x9f/\
\xfb&\xdd\xed\xf7\xef\xdd\xe7n\x95\xdfw\xdd\xf9~\xfe\
\xdf\xf8\x0dTy\xf9\xb5'C*\x8a(\xad\x89\x0a(\
\xa2\x80\x0a(\xa2\x80\x0a(\xa2\x80\x0a(\xa2\x80\x0a(\
\xa2\x80\x0a(\xa2\x80:\xcf\x03\xfc?\xb6\xf1G\x87\xef\
..n&\x86\xeafk}.4\xdb\xb6\xe2eF\
\x95\x95\xbe_\xee\xaa\xaf\xcb\xfcN\xb4\xdd7\xe1\x1d\xf6\
\xad\xe1\xfb;\xf4\xbf\xd2\xd2MB)\xe7\xb3\xb3w\x7f\
\xb4\xdc,[\xb7\xaa\xae\xcd\xaa\xdf/\xf12\xee\xfe\x1d\
\xcd\xf2\xd4\xda_\xc6mW\xc3z^\x8bg\xa3\xdc^\
iv\xda^\xe7\xb8\x8e\x0b\xa7U\xd4%g\xdc\xcc\xea\
\xbbw.\xdd\xa9\xb5\xb7|\xab[\x9a\xb7\xc5\xcd\x12\xd7\
M\xd2\xeet\xdd)\x97T\xb5\x8a\xf5`O\xb4~\xeb\
O\xf3\xe5\x7f\x95\x97\xca\xfd\xee\xd8\xdf\xe5\xda\xcb\xb7w\
\xcd\xbb\xee\xd7<\xbd\xad\xcd=\xd3->\x0f\xbe\x9e\xb2\
-\xd5\xe5\x9d\xcc\xcbiox\xf1[\xce\xeb%\xbaJ\
\xf1*\xee\xdd\x16\xd6fY~\xea\xb7\xcb\xfd\xef\xe1n\
o\xc6\x9a<~\x1b\xf1\x86\xa9\xa7\xc2\xd2I\x0d\x8d\xe4\
\xb0!\x7f\xbc\xca\xae\xca\xbb\xbf\xda\xad\xc6\xf8\xb1\xbbP\
\xd4.>\xc1\xff\x00\x1f\xd6V\x96x\xf3\xff\x00\xd5\xf9\
\x0d\x13n\xfb\xbf\xc5\xe5\x7f\xc0wW=\xe2\x8ds\xfe\
\x12O\x13j\x1a\x87\x97\xe4\xfd\xba\xe1\xee<\xbd\xdb\xbc\
\xbd\xcc\xcd\xb7w\xf1}\xea\xd2\x9f=\xfd\xe2e\xcaP\
\xa2\x8a+BB\x8a(\xa0\x02\x8a(\xa0\x02\x8a(\xa0\
\x02\x8a(\xa0\x02\x8a(\xa0\x02\x8a(\xa0\x0e\x9b\xe1/\
\x84\xf4\xef\x1ax\xc9,uI\xae-\xec~\xcf4\xf2\
\xbd\xbb*\xc8\xbb\x11\x9b\xf8\x95\xbf\xbb[\x16\x7f\x08a\
\xb5\xf0\x9f\x89\xeeu\x09.#\xd44yZ+8\xd1\
\x95c\x91\x92TIY\xf7/\xdd\xfd\xeam\xf9\x96\xb9\
o\x07\xf8\x9b\xfe\x11=B\xe2\xe3\xc9\xfbG\x9dg5\
\xae7\xed\xdb\xe6\xc4\xc9\xbb\xee\xff\x00\x0e\xea\xe9\xf5\x8f\
\x8e\x0f\xac[\xb4o\xa5\xc2\x15\xb4\xd4\xb2t\xf3w,\
\x92\xf9\xa9+\xce\xcb\xb7\xe6g\xd8\xbb\x97\xff\x00\x1e\xac\
js\xf3{\xa5G\x94\xa3\x1f\xc1\xbb\x9b\x88\xed\xfe\xc7\
\xachw\xfeu\xc7\xd8\xdf\xec\xf3\xca\xcb\x0c\xdb\x19\xd5\
\x19\x99\x15[v\xd6Udf]\xdf\xc5\x5c\xfe\xa9\xe1\
\xf9\xb4{;\x09\xa6h\xff\x00\xe2a\x03N\x887y\
\x8a\x9b\xd9>o\xf7\xb6\xb5w\xbe$\xf8\xe8\xde8{\
km\xd7\x9ab\x7fjE\xa8\xa5\xc5\xee\xa2\xf7\x91X\
\xb2\xee\xf9\x11\x16/\x96%\xdc\xbbUWw\xcb\xfc_\
\xc3\xc9|L\xf1D>0\xf1\xbd\xf5\xf5\xac~M\x8b\
7\x95k\x18]\xab\x1cH\xbbQv\xff\x00\x0f\xca\xbf\
\xf8\xf5\x14\xf9\xf9\xbd\xe0\x97)\x83E\x14V\xc4\x85\x14\
Q@\x05\x14Q@\x05\x14Q@\x05\x14Q@\x05\x14\
Q@\x05\x14Q@\x05v\x1e0\xf8_\xfd\x8bj\xb7\
Vsn\xb6\x8e\xce\xc6YD\xef\xfb\xcd\xf71o\xf9\
v\xaf\xddVV\xff\x00\xc7~\xf5`\xf8_X\xb6\xd0\
\xf5O:\xf2\xc6=B\xd6H\x9e)b,\x15\xb6\xb2\
\xb2\xeeFem\xb2/\xdeV\xda\xdf2\xd7Qq\xf1\
\x82\xcfP\xb8\xbf\x8e\xf3E\x92m6\xe2+H\xad\xe0\
K\xdf.X~\xcc6\xc5\xb9\xf6m}\xcb\xbbw\xca\
\xbb\xb7|\xbbk\x1a\x9c\xd7\xf7J\xd0H>\x00\xeaR\
\x5cI\x0b\xea\x9a-\xbd\xc3^\xcda\x042K.\xeb\
\xa9\xa2UfT\xda\x9b~m\xdf+6\xda\xcd\x87\xe1\
]\xfc\xde\x1d\xfbw\xda\xb4\xf4\xb8kW\xbfK\x07\x91\
\xfe\xd3%\xba\xb6\xd6\x95~_/o\xca\xdf.\xfd\xdb\
U\x9bmk\xdf|n\xfbg\x8a,\xb5/\xec\xbd\x9f\
c\xd5\xae5O+\xed\x1f{\xcd\xd9\xf2n\xd9\xfc;\
>\xf7\xfbU\x1a\xfcp\xb8o\x02\xae\x92\xe3V\xdf\x1d\
\x9bYE\xe5j\xf2\xc1g\xb1\x9bv\xe7\xb7U\xf9\xe4\
\xda\xcc\xbf{k|\xbb\x95\xaa\x7fxW\xbap\xb4Q\
Et\x19\x85\x14Q@\x05\x14Q@\x05\x14Q@\x05\
\x14Q@\x05\x14Q@\x05\x14Q@\x05ox\x07\xc2\
\xf6\xfe*\xba\xd5\x12\xe1\xe6E\xb3\xd3n/\x13\xcbe\
]\xce\x89\xb8+n_\xbbX5\xd5x{\xe2%\xae\
\x83\xe1y\xad\x93I\x8f\xfbRK9\xac\x96\xf1%X\
\xd5\xa2\x95\xbem\xe9\xb3s\xc8\xbf2\xabo_\x95\x97\
\xe5m\xb559\xb9t\x08\xff\x00x\xb1\xa0|\x1e\xb9\
\xbc\xf1b\xd9\xddO\x0a\xdb\xdb\xcbe\xf6\x83\x13\xb7\x99\
\xb2\xe4\xa2\xae\xcd\xcb\xf7\x97\x7f\xf1\x7f\xe3\xd5GX\xf8\
mu\xa6\xc9<\x895\xbbZ\xc7h\xd7\xeb.\xf6\xfb\
\x9eo\x95\xb3\xee\xff\x00\xac\xf3>]\xbfv\xba\x1b\x7f\
\x8e\x96\xb6\xad\xf6\x84\xd0\xdb\xed\xf35\x8b]K\xf6\xdf\
\xdd\xc9\xf6VM\xbb\x13g\xc9\xb9S\xe6\xdc\xcd\xff\x00\
\xb2\xd6o\x88<u\x0d\xc7\xc38t\xb8\xe4\x86K\xab\
\xcb\xf9n\xa5\xd8\x8f\xba\xd6\x1d\xdb\x96\x06fU\xdd\xfb\
\xc6g\xf9~Z\xc7\xf7\xb74\xf7N2\x8a(\xae\x83\
0\xa2\x8a(\x00\xa2\x8a(\x00\xa2\x8a(\x00\xa2\x8a(\
\x00\xa2\x8a(\x00\xa2\x8a(\x00\xa2\x8a(\x00\xa2\x8a(\
\x00\xa2\x8a(\x00\xa2\x8a(\x00\xa2\x8a(\x00\xa2\x8a(\
\x00\xa2\x8a(\x00\xa2\x8a(\x00\xa2\x8a(\x00\xa2\x8a(\
\x00\xa2\x8a(\x00\xa2\x8a(\x00\xa2\x8a(\x00\xa2\x8a(\
\x00\xa2\x8a(\x00\xa2\x8a(\x00\xa2\x8a(\x00\xa2\x8a(\
\x00\xa2\x8a(\x00\xa2\x8a(\x00\xa2\x8a(\x00\xa2\x8a(\
\x00\xa2\x8a(\x00\xa2\x8a(\x00\xa2\x8a(\x00\xa2\x8a(\
\x00\xa2\x8a(\x00\xa2\x8a(\x00\xa2\x8a(\x00\xa2\x8a(\
\x00\xa2\x8a(\x00\xa2\x8a(\x00\xa2\x8a(\x00\xa2\x8a(\
\x00\xa2\x8a(\x00\xa2\x8a(\x00\xa2\x8a(\x00\xa2\x8a(\
\x00\xa2\x8a(\x00\xa2\x8a(\x00\xa2\x8a(\x00\xa2\x8a(\
\x00\xa2\x8a(\x00\xa2\x8a(\x00\xa2\x8a(\x00\xa2\x8a(\
\x00\xa2\x8a(\x00\xa2\x8a(\x00\xa2\x8a(\x00\xa2\x8a(\
\x00\xa2\x8a(\x00\xa2\x8a(\x00\xa2\x8a(\x00\xa2\x8a(\
\x00\xa2\x8a(\x00\xa2\x8a(\x00\xa2\x8a(\x00\xa2\x8a(\
\x00\xa2\x8a(\x00\xa2\x8a(\x00\xa2\x8a(\x00\xa2\x8a(\
\x00\xa2\x8a(\x00\xa2\x8a(\x00\xa2\x8a(\x00\xa2\x8a(\
\x00\xa2\x8a(\x00\xa2\x8a(\x00\xa2\x8a(\x00\xa2\x8a(\
\x00\xa2\x8a(\x00\xa2\x8a(\x00\xa2\x8a(\x00\xa2\x8a(\
\x00\xa2\x8a(\x00\xa2\x8a(\x00\xa2\x8a(\x00\xa2\x8a(\
\x00\xa2\x8a(\x00\xa2\x8a(\x00\xa2\x8a(\x00\xa2\x8a(\
\x00\xa2\x8a(\x00\xa2\x8a(\x00\xa2\x8a(\x00\xa2\x8a(\
\x00\xa2\x8a(\x00\xa2\x8a(\x00\xa2\x8a(\x00\xa2\x8a(\
\x00\xa2\x8a(\x00\xa2\x8a(\x00\xa2\x8a(\x00\xa2\x8a(\
\x00\xa2\x8a(\x00\xa2\x8a(\x00\xa2\x8a(\x00\xa2\x8a(\
\x00\xa2\x8a(\x00\xa2\x8a(\x00\xa2\x8a(\x00\xa2\x8a(\
\x00\xa2\x8a(\x00\xa2\x8a(\x00\xa2\x8a(\x00\xa2\x8a(\
\x00\xa2\x8a(\x00\xa2\x8a(\x00\xa2\x8a(\x00\xa2\x8a(\
\x00\xa2\x8a(\x00\xa2\x8a(\x00\xa2\x8a(\x00\xa2\x8a(\
\x00\xa2\x8a(\x00\xa2\x8a(\x00\xa2\x8a(\x00\xa2\x8a(\
\x00\xa2\x8a(\x00\xa2\x8a(\x00\xa2\x8a(\x00\xa2\x8a(\
\x00\xa2\x8a(\x00\xa2\x8a(\x00\xa2\x8a(\x00\xa2\x8a(\
\x00\xa2\x8a(\x00\xa2\x8a(\x00\xa2\x8a(\x00\xa2\x8a(\
\x00\xa2\x8a(\x00\xa2\x8a(\x00\xa2\x8a(\x00\xa2\x8a(\
\x00\xa2\x8a(\x00\xa2\x8a(\x00\xa2\x8a(\x00\xa2\x8a(\
\x00\xa2\x8a(\x00\xa2\x8a(\x00\xa2\x8a(\x00\xa2\x8a(\
\x00\xa2\x8a(\x00\xa2\x8a(\x00\xa2\x8a(\x00\xa2\x8a(\
\x00\xa2\x8a(\x00\xa2\x8a(\x00\xa2\x8a(\x00\xa2\x8a(\
\x00\xa2\x8a(\x00\xa2\x8a(\x00\xa2\x8a(\x00\xa2\x8a(\
\x00\xa2\x8a(\x00\xa2\x8a(\x00\xa2\x8a(\x00\xa2\x8a(\
\x00\xa2\x8a(\x00\xa2\x8a(\x00\xa2\x8a(\x00\xa2\x8a(\
\x00\xa2\x8a(\x00\xa2\x8a(\x00\xa2\x8a(\x00\xa2\x8a(\
\x00\xa2\x8a(\x00\xa2\x8a(\x00\xa2\x8a(\x00\xa2\x8a(\
\x00\xa2\x8a(\x00\xa2\x8a(\x00\xa2\x8a(\x00\xa2\x8a(\
\x00\xa2\x8a(\x00\xa2\x8a(\x00\xa2\x8a(\x00\xa2\x8a(\
\x00\xa2\x8a(\x00\xa2\x8a(\x00\xa2\x8a(\x00\xa2\x8a(\
\x00\xa2\x8a(\x00\xa2\x8a(\x00\xa2\x8a(\x00\xa2\x8a(\
\x00\xa2\x8a(\x00\xa2\x8a(\x00\xa2\x8a(\x00\xa2\x8a(\
\x00\xa2\x8a(\x00\xa2\x8a(\x00\xa2\x8a(\x00\xa2\x8a(\
\x00\xa2\x8a(\x00\xa2\x8a(\x00\xa2\x8a(\x00\xa2\x8a(\
\x00\xa2\x8a(\x00\xa2\x8a(\x00\xa2\x8a(\x00\xa2\x8a(\
\x00\xa2\x8a(\x00\xa2\x8a(\x00\xa2\x8a(\x00\xa2\x8a(\
\x00\xa2\x8a(\x00\xa2\x8a(\x00\xa2\x8a(\x00\xa2\x8a(\
\x00\xa2\x8a(\x00\xa2\x8a(\x00\xa2\x8a(\x00\xa2\x8a(\
\x00\xa2\x8a(\x00\xa2\x8a(\x00\xa2\x8a(\x00\xa2\x8a(\
\x00\xa2\x8a(\x00\xa2\x8a(\x00\xa2\x8a(\x00\xa2\x8a(\
\x00\xa2\x8a(\x00\xa2\x8a(\x00\xa2\x8a(\x00\xa2\x8a(\
\x00\xa2\x8a(\x00\xa2\x8a(\x00\xa2\x8a(\x00\xa2\x8a(\
\x00\xa2\x8a(\x00\xa2\x8a(\x00\xa2\x8a(\x00\xa2\x8a(\
\x00\xa2\x8a(\x00\xa2\x8a(\x00\xa2\x8a(\x00\xa2\x8a(\
\x00\xa2\x8a(\x00\xa2\x8a(\x00\xa2\x8a(\x00\xa2\x8a(\
\x00\xa2\x8a(\x00\xa2\x8a(\x00\xa2\x8a(\x00\xa2\x8a(\
\x00\xa2\x8a(\x00\xa2\x8a(\x00\xa2\x8a(\x00\xa2\x8a(\
\x00\xa2\x8a(\x00\xa2\x8a(\x00\xa2\x8a(\x00\xa2\x8a(\
\x00\xa2\x8a(\x00\xa2\x8a(\x00\xa2\x8a(\x00\xa2\x8a(\
\x00\xa2\x8a(\x00\xa2\x8a(\x00\xa2\x8a(\x00\xa2\x8a(\
\x00\xa2\x8a(\x00\xa2\x8a(\x00\xa2\x8a(\x00\xa2\x8a(\
\x00\xa2\x8a(\x00\xa2\x8a(\x00\xa2\x8a(\x00\xa2\x8a(\
\x00\xa2\x8a(\x00\xa2\x8a(\x00\xa2\x8a(\x00\xa2\x8a(\
\x00\xa2\x8a(\x00\xa2\x8a(\x00\xa2\x8a(\x00\xa2\x8a(\
\x00\xa2\x8a(\x00\xa2\x8a(\x00\xa2\x8a(\x00\xa2\x8a(\
\x00\xa2\x8a(\x00\xa2\x8a(\x00\xa2\x8a(\x00\xa2\x8a(\
\x00\xa2\x8a(\x00\xa2\x8a(\x00\xa2\x8a(\x00\xa2\x8a(\
\x00\xa2\x8a(\x00\xa2\x8a(\x00\xa2\x8a(\x00\xa2\x8a(\
\x00\xa2\x8a(\x00\xa2\x8a(\x00\xa2\x8a(\x00\xa2\x8a(\
\x00\xa2\x8a(\x00\xa2\x8a(\x00\xa2\x8a(\x00\xa2\x8a(\
\x00\xa2\x8a(\x00\xa2\x8a(\x00\xa2\x8a(\x00\xa2\x8a(\
\x00\xa2\x8a(\x00\xa2\x8a(\x00\xa2\x8a(\x00\xa2\x8a(\
\x00\xa2\x8a(\x00\xa2\x8a(\x00\xa2\x8a(\x00\xa2\x8a(\
\x00\xa2\x8a(\x00\xa2\x8a(\x00\xa2\x8a(\x03\xff\xd9\
\x00\x00\x04\xfe\
<\
?xml version=\x221.\
0\x22 standalone=\x22n\
o\x22?><!DOCTYPE sv\
g PUBLIC \x22-//W3C\
//DTD SVG 1.1//E\
N\x22 \x22http://www.w\
3.org/Graphics/S\
VG/1.1/DTD/svg11\
.dtd\x22><svg class\
=\x22icon\x22 width=\x226\
4px\x22 height=\x2264.\
00px\x22 viewBox=\x220\
 0 1024 1024\x22 ve\
rsion=\x221.1\x22 xmln\
s=\x22http://www.w3\
.org/2000/svg\x22><\
path fill=\x22#1296\
db\x22 d=\x22M36.16 41\
9.2H984.96c19.77\
6 0 36.032-17.08\
8 36.032-37.952a\
39.04 39.04 0 0 \
0-15.68-31.232L5\
32.992 6.912a33.\
536 33.536 0 0 0\
-40.768 0L15.744\
 350.016a38.848 \
38.848 0 0 0-9.2\
8 52.672c6.4 10.\
432 17.472 16.57\
6 29.696 16.576z\
 m951.68 528.832\
H36.224c-19.84 0\
-36.16 17.152-36\
.16 37.952 0 20.\
864 16.32 38.016\
 36.16 38.016h95\
1.616c19.84 0 36\
.16-17.152 36.16\
-38.016 0-20.8-1\
6.32-37.952-36.1\
6-37.952z\x22  /><p\
ath fill=\x22#1296d\
b\x22 d=\x22M864 448v3\
1.232a35.968 35.\
968 0 0 0-11.456\
 26.368V505.6l1.\
024 359.68c0 9.8\
56 3.968 18.816 \
10.432 25.344V89\
6l-205.056 0.128\
a36.032 36.032 0\
 0 0 17.28-30.72\
v-0.064L675.2 50\
5.6a36.288 36.28\
8 0 0 0-36.288-3\
6.16 36.096 36.0\
96 0 0 0-36.032 \
36.096V505.6l0.9\
6 359.68c0 12.99\
2 6.976 24.384 1\
7.28 30.72l-211.\
84 0.064a36.032 \
36.032 0 0 0 17.\
152-30.72v-0.064\
L425.472 505.6a3\
6.288 36.288 0 0\
 0-36.224-36.16 \
36.096 36.096 0 \
0 0-36.096 36.09\
6V505.6l0.96 359\
.68c0 12.992 6.9\
76 24.384 17.28 \
30.72L160 896a37\
.76 37.76 0 0 0 \
16.256-30.72V505\
.664c0-12.608-6.\
4-23.68-16.192-3\
0.144L160 448h70\
4z\x22  /></svg>\
\x00\x00\x00\xd6\
<\
svg xmlns=\x22http:\
//www.w3.org/200\
0/svg\x22 xmlns:xli\
nk=\x22http://www.w\
3.org/1999/xlink\
\x22 viewBox=\x220 0 3\
2 32\x22 fill=\x22#FFF\
FFF\x22>\x0a  <path d=\
\x22M5 5L5 6L5 27L2\
7 27L27 5L5 5 z \
M 7 7L25 7L25 25\
L7 25L7 7 z\x22 fil\
l=\x22#FFFFFF\x22 />\x0a<\
/svg>\
\x00\x00\x08\x22\
<\
svg xmlns=\x22http:\
//www.w3.org/200\
0/svg\x22 xmlns:xli\
nk=\x22http://www.w\
3.org/1999/xlink\
\x22 viewBox=\x220 0 2\
6 26\x22 fill=\x22#FFF\
FFF\x22>\x0a  <path d=\
\x22M23 1.1875C22 1\
.1875 21.1875 2 \
21.1875 3C21.187\
5 3.125 21.19531\
3 3.257813 21.21\
875 3.375L18.781\
25 5.375C18.5468\
75 5.261719 18.2\
77344 5.1875 18 \
5.1875C17.40625 \
5.1875 16.894531\
 5.496094 16.562\
5 5.9375L14.75 5\
.5625C14.554688 \
4.769531 13.8515\
63 4.1875 13 4.1\
875C12 4.1875 11\
.1875 5 11.1875 \
6C11.1875 6.1484\
38 11.214844 6.3\
00781 11.25 6.43\
75L8.78125 8.375\
C8.546875 8.2617\
19 8.277344 8.18\
75 8 8.1875C7 8.\
1875 6.1875 9 6.\
1875 10C6.1875 1\
0.050781 6.18359\
4 10.105469 6.18\
75 10.15625L3.93\
75 11.46875C3.66\
0156 11.296875 3\
.347656 11.1875 \
3 11.1875C2 11.1\
875 1.1875 12 1.\
1875 13C1.1875 1\
4 2 14.8125 3 14\
.8125C4 14.8125 \
4.8125 14 4.8125\
 13C4.8125 12.92\
5781 4.789063 12\
.851563 4.78125 \
12.78125L7.03125\
 11.5C7.316406 1\
1.683594 7.63671\
9 11.8125 8 11.8\
125C9 11.8125 9.\
8125 11 9.8125 1\
0C9.8125 9.875 9\
.804688 9.742188\
 9.78125 9.625L1\
2.28125 7.65625C\
12.5 7.746094 12\
.75 7.8125 13 7.\
8125C13.570313 7\
.8125 14.074219 \
7.539063 14.4062\
5 7.125L16.25 7.\
5C16.464844 8.26\
5625 17.167969 8\
.8125 18 8.8125C\
19 8.8125 19.812\
5 8 19.8125 7C19\
.8125 6.875 19.8\
04688 6.742188 1\
9.78125 6.625L22\
.21875 4.625C22.\
453125 4.738281 \
22.722656 4.8125\
 23 4.8125C24 4.\
8125 24.8125 4 2\
4.8125 3C24.8125\
 2 24 1.1875 23 \
1.1875 Z M 22 11\
C21.449219 11 21\
 11.449219 21 12\
L21 25C21 25.550\
781 21.449219 26\
 22 26L24 26C24.\
550781 26 25 25.\
550781 25 25L25 \
12C25 11.449219 \
24.550781 11 24 \
11 Z M 12 13C11.\
449219 13 11 13.\
449219 11 14L11 \
25C11 25.550781 \
11.449219 26 12 \
26L14 26C14.5507\
81 26 15 25.5507\
81 15 25L15 14C1\
5 13.449219 14.5\
50781 13 14 13 Z\
 M 17 15C16.4492\
19 15 16 15.4492\
19 16 16L16 25C1\
6 25.550781 16.4\
49219 26 17 26L1\
9 26C19.550781 2\
6 20 25.550781 2\
0 25L20 16C20 15\
.449219 19.55078\
1 15 19 15 Z M 7\
 16C6.449219 16 \
6 16.449219 6 17\
L6 25C6 25.55078\
1 6.449219 26 7 \
26L9 26C9.550781\
 26 10 25.550781\
 10 25L10 17C10 \
16.449219 9.5507\
81 16 9 16 Z M 2\
 18C1.449219 18 \
1 18.449219 1 19\
L1 25C1 25.55078\
1 1.449219 26 2 \
26L4 26C4.550781\
 26 5 25.550781 \
5 25L5 19C5 18.4\
49219 4.550781 1\
8 4 18Z\x22 fill=\x22#\
FFFFFF\x22 />\x0a</svg\
>\
\x00\x00\x08\x22\
<\
svg xmlns=\x22http:\
//www.w3.org/200\
0/svg\x22 xmlns:xli\
nk=\x22http://www.w\
3.org/1999/xlink\
\x22 viewBox=\x220 0 2\
6 26\x22 fill=\x22#FFF\
FFF\x22>\x0a  <path d=\
\x22M23 1.1875C22 1\
.1875 21.1875 2 \
21.1875 3C21.187\
5 3.125 21.19531\
3 3.257813 21.21\
875 3.375L18.781\
25 5.375C18.5468\
75 5.261719 18.2\
77344 5.1875 18 \
5.1875C17.40625 \
5.1875 16.894531\
 5.496094 16.562\
5 5.9375L14.75 5\
.5625C14.554688 \
4.769531 13.8515\
63 4.1875 13 4.1\
875C12 4.1875 11\
.1875 5 11.1875 \
6C11.1875 6.1484\
38 11.214844 6.3\
00781 11.25 6.43\
75L8.78125 8.375\
C8.546875 8.2617\
19 8.277344 8.18\
75 8 8.1875C7 8.\
1875 6.1875 9 6.\
1875 10C6.1875 1\
0.050781 6.18359\
4 10.105469 6.18\
75 10.15625L3.93\
75 11.46875C3.66\
0156 11.296875 3\
.347656 11.1875 \
3 11.1875C2 11.1\
875 1.1875 12 1.\
1875 13C1.1875 1\
4 2 14.8125 3 14\
.8125C4 14.8125 \
4.8125 14 4.8125\
 13C4.8125 12.92\
5781 4.789063 12\
.851563 4.78125 \
12.78125L7.03125\
 11.5C7.316406 1\
1.683594 7.63671\
9 11.8125 8 11.8\
125C9 11.8125 9.\
8125 11 9.8125 1\
0C9.8125 9.875 9\
.804688 9.742188\
 9.78125 9.625L1\
2.28125 7.65625C\
12.5 7.746094 12\
.75 7.8125 13 7.\
8125C13.570313 7\
.8125 14.074219 \
7.539063 14.4062\
5 7.125L16.25 7.\
5C16.464844 8.26\
5625 17.167969 8\
.8125 18 8.8125C\
19 8.8125 19.812\
5 8 19.8125 7C19\
.8125 6.875 19.8\
04688 6.742188 1\
9.78125 6.625L22\
.21875 4.625C22.\
453125 4.738281 \
22.722656 4.8125\
 23 4.8125C24 4.\
8125 24.8125 4 2\
4.8125 3C24.8125\
 2 24 1.1875 23 \
1.1875 Z M 22 11\
C21.449219 11 21\
 11.449219 21 12\
L21 25C21 25.550\
781 21.449219 26\
 22 26L24 26C24.\
550781 26 25 25.\
550781 25 25L25 \
12C25 11.449219 \
24.550781 11 24 \
11 Z M 12 13C11.\
449219 13 11 13.\
449219 11 14L11 \
25C11 25.550781 \
11.449219 26 12 \
26L14 26C14.5507\
81 26 15 25.5507\
81 15 25L15 14C1\
5 13.449219 14.5\
50781 13 14 13 Z\
 M 17 15C16.4492\
19 15 16 15.4492\
19 16 16L16 25C1\
6 25.550781 16.4\
49219 26 17 26L1\
9 26C19.550781 2\
6 20 25.550781 2\
0 25L20 16C20 15\
.449219 19.55078\
1 15 19 15 Z M 7\
 16C6.449219 16 \
6 16.449219 6 17\
L6 25C6 25.55078\
1 6.449219 26 7 \
26L9 26C9.550781\
 26 10 25.550781\
 10 25L10 17C10 \
16.449219 9.5507\
81 16 9 16 Z M 2\
 18C1.449219 18 \
1 18.449219 1 19\
L1 25C1 25.55078\
1 1.449219 26 2 \
26L4 26C4.550781\
 26 5 25.550781 \
5 25L5 19C5 18.4\
49219 4.550781 1\
8 4 18Z\x22 fill=\x22#\
FFFFFF\x22 />\x0a</svg\
>\
\x00\x00\x06#\
<\
svg xmlns=\x22http:\
//www.w3.org/200\
0/svg\x22 xmlns:xli\
nk=\x22http://www.w\
3.org/1999/xlink\
\x22 viewBox=\x220 0 2\
4 24\x22 fill=\x22#FFF\
FFF\x22>\x0a  <path d=\
\x22M19.952,5.672c-\
1.904-1.531-4.91\
6-1.79-5.044-1.8\
01c-0.201-0.017-\
0.392,0.097-0.47\
4,0.281 c-0.006,\
0.012-0.072,0.16\
3-0.145,0.398c1.\
259,0.212,2.806,\
0.64,4.206,1.509\
c0.224,0.139,0.2\
93,0.434,0.154,0\
.659 c-0.09,0.14\
6-0.247,0.226-0.\
407,0.226c-0.086\
,0-0.173-0.023-0\
.252-0.072C15.58\
4,5.38,12.578,5.\
305,12,5.305S8.4\
15,5.38,6.011,6.\
872 c-0.225,0.14\
-0.519,0.07-0.65\
9-0.154c-0.14-0.\
225-0.07-0.519,0\
.154-0.659c1.4-0\
.868,2.946-1.297\
,4.206-1.509 c-0\
.074-0.236-0.14-\
0.386-0.145-0.39\
8C9.484,3.968,9.\
294,3.852,9.092,\
3.872c-0.127,0.0\
1-3.139,0.269-5.\
069,1.822 C3.015\
,6.625,1,12.073,\
1,16.783c0,0.083\
,0.022,0.165,0.0\
63,0.237c1.391,2\
.443,5.185,3.083\
,6.05,3.111c0.00\
5,0,0.01,0,0.015\
,0 c0.153,0,0.29\
7-0.073,0.387-0.\
197l0.875-1.202c\
-2.359-0.61-3.56\
4-1.645-3.634-1.\
706c-0.198-0.175\
-0.217-0.477-0.0\
42-0.675 c0.175-\
0.198,0.476-0.21\
7,0.674-0.043c0.\
029,0.026,2.248,\
1.909,6.612,1.90\
9c4.372,0,6.591-\
1.891,6.613-1.91\
 c0.198-0.172,0.\
5-0.154,0.674,0.\
045c0.174,0.198,\
0.155,0.499-0.04\
2,0.673c-0.07,0.\
062-1.275,1.096-\
3.634,1.706l0.87\
5,1.202 c0.09,0.\
124,0.234,0.197,\
0.387,0.197c0.00\
5,0,0.01,0,0.015\
,0c0.865-0.027,4\
.659-0.667,6.05-\
3.111 C22.978,16\
.947,23,16.866,2\
3,16.783C23,12.0\
73,20.985,6.625,\
19.952,5.672z M8\
.891,14.87c-0.92\
4,0-1.674-0.857-\
1.674-1.913 s0.7\
49-1.913,1.674-1\
.913s1.674,0.857\
,1.674,1.913S9.8\
16,14.87,8.891,1\
4.87z M15.109,14\
.87c-0.924,0-1.6\
74-0.857-1.674-1\
.913 s0.749-1.91\
3,1.674-1.913c0.\
924,0,1.674,0.85\
7,1.674,1.913S16\
.033,14.87,15.10\
9,14.87z\x22 fill=\x22\
#FFFFFF\x22 />\x0a</sv\
g>\
\x00\x00\x06#\
<\
svg xmlns=\x22http:\
//www.w3.org/200\
0/svg\x22 xmlns:xli\
nk=\x22http://www.w\
3.org/1999/xlink\
\x22 viewBox=\x220 0 2\
4 24\x22 fill=\x22#FFF\
FFF\x22>\x0a  <path d=\
\x22M19.952,5.672c-\
1.904-1.531-4.91\
6-1.79-5.044-1.8\
01c-0.201-0.017-\
0.392,0.097-0.47\
4,0.281 c-0.006,\
0.012-0.072,0.16\
3-0.145,0.398c1.\
259,0.212,2.806,\
0.64,4.206,1.509\
c0.224,0.139,0.2\
93,0.434,0.154,0\
.659 c-0.09,0.14\
6-0.247,0.226-0.\
407,0.226c-0.086\
,0-0.173-0.023-0\
.252-0.072C15.58\
4,5.38,12.578,5.\
305,12,5.305S8.4\
15,5.38,6.011,6.\
872 c-0.225,0.14\
-0.519,0.07-0.65\
9-0.154c-0.14-0.\
225-0.07-0.519,0\
.154-0.659c1.4-0\
.868,2.946-1.297\
,4.206-1.509 c-0\
.074-0.236-0.14-\
0.386-0.145-0.39\
8C9.484,3.968,9.\
294,3.852,9.092,\
3.872c-0.127,0.0\
1-3.139,0.269-5.\
069,1.822 C3.015\
,6.625,1,12.073,\
1,16.783c0,0.083\
,0.022,0.165,0.0\
63,0.237c1.391,2\
.443,5.185,3.083\
,6.05,3.111c0.00\
5,0,0.01,0,0.015\
,0 c0.153,0,0.29\
7-0.073,0.387-0.\
197l0.875-1.202c\
-2.359-0.61-3.56\
4-1.645-3.634-1.\
706c-0.198-0.175\
-0.217-0.477-0.0\
42-0.675 c0.175-\
0.198,0.476-0.21\
7,0.674-0.043c0.\
029,0.026,2.248,\
1.909,6.612,1.90\
9c4.372,0,6.591-\
1.891,6.613-1.91\
 c0.198-0.172,0.\
5-0.154,0.674,0.\
045c0.174,0.198,\
0.155,0.499-0.04\
2,0.673c-0.07,0.\
062-1.275,1.096-\
3.634,1.706l0.87\
5,1.202 c0.09,0.\
124,0.234,0.197,\
0.387,0.197c0.00\
5,0,0.01,0,0.015\
,0c0.865-0.027,4\
.659-0.667,6.05-\
3.111 C22.978,16\
.947,23,16.866,2\
3,16.783C23,12.0\
73,20.985,6.625,\
19.952,5.672z M8\
.891,14.87c-0.92\
4,0-1.674-0.857-\
1.674-1.913 s0.7\
49-1.913,1.674-1\
.913s1.674,0.857\
,1.674,1.913S9.8\
16,14.87,8.891,1\
4.87z M15.109,14\
.87c-0.924,0-1.6\
74-0.857-1.674-1\
.913 s0.749-1.91\
3,1.674-1.913c0.\
924,0,1.674,0.85\
7,1.674,1.913S16\
.033,14.87,15.10\
9,14.87z\x22 fill=\x22\
#FFFFFF\x22 />\x0a</sv\
g>\
\x00\x00\x04\xdc\
<\
svg xmlns=\x22http:\
//www.w3.org/200\
0/svg\x22 xmlns:xli\
nk=\x22http://www.w\
3.org/1999/xlink\
\x22 viewBox=\x220 0 2\
6 26\x22 fill=\x22#FFF\
FFF\x22>\x0a  <path d=\
\x22M12.087891 0.00\
5859375C11.52539\
1 0.068609375 11\
.000781 0.571890\
63 10.800781 1.2\
753906C10.500781\
 2.2813906 9.399\
2188 2.1800781 8\
.1992188 2.08007\
81C6.8992188 1.7\
780781 6.7992187\
 2.5827188 7.199\
2188 3.3867188C7\
.4992188 3.78771\
87 8.5003906 6.8\
038125 8.9003906\
 7.5078125C9.200\
3906 8.1108125 1\
1.400391 8.41210\
94 12.400391 8.4\
121094C13.400391\
 8.4121094 15.6 \
7.9098594 15.5 7\
.0058594C15.4 5.\
2968594 16.49921\
9 2.7844219 16.6\
99219 2.4824219C\
17.099219 1.8794\
219 17.100391 0.\
57278125 15.4003\
91 1.1757812C15.\
000391 1.2767813\
 13.999609 2.582\
9531 13.599609 1\
.3769531C13.2496\
09 0.32145312 12\
.650391 -0.05689\
0625 12.087891 0\
.005859375 z M 1\
6.199219 8.61132\
81C15.999219 8.5\
113281 15.6 9.71\
83594 12.5 9.818\
3594C9.7 9.91835\
94 8.9007812 8.9\
121094 8.8007812\
 8.9121094C4.700\
7812 10.320109 1\
 14.642844 1 18.\
964844C1 24.4918\
44 4.3 26 13 26C\
21.7 26 25 24.29\
0281 25 18.86328\
1C25 14.240281 2\
0.599219 9.81832\
81 16.199219 8.6\
113281 z M 9.007\
8125 13L11 13L13\
 16.25L15 13L16.\
96875 13L14.0136\
72 18L15 18L15 1\
9L14 19L14 20L15\
 20L15 21L14 21L\
14 22L12 22L12 2\
1L11 21L11 20L12\
 20L12 19L11 19L\
11 18L11.984375 \
18L9.0078125 13 \
z\x22 fill=\x22#FFFFFF\
\x22 />\x0a</svg>\
\x00\x00\x04\xdc\
<\
svg xmlns=\x22http:\
//www.w3.org/200\
0/svg\x22 xmlns:xli\
nk=\x22http://www.w\
3.org/1999/xlink\
\x22 viewBox=\x220 0 2\
6 26\x22 fill=\x22#FFF\
FFF\x22>\x0a  <path d=\
\x22M12.087891 0.00\
5859375C11.52539\
1 0.068609375 11\
.000781 0.571890\
63 10.800781 1.2\
753906C10.500781\
 2.2813906 9.399\
2188 2.1800781 8\
.1992188 2.08007\
81C6.8992188 1.7\
780781 6.7992187\
 2.5827188 7.199\
2188 3.3867188C7\
.4992188 3.78771\
87 8.5003906 6.8\
038125 8.9003906\
 7.5078125C9.200\
3906 8.1108125 1\
1.400391 8.41210\
94 12.400391 8.4\
121094C13.400391\
 8.4121094 15.6 \
7.9098594 15.5 7\
.0058594C15.4 5.\
2968594 16.49921\
9 2.7844219 16.6\
99219 2.4824219C\
17.099219 1.8794\
219 17.100391 0.\
57278125 15.4003\
91 1.1757812C15.\
000391 1.2767813\
 13.999609 2.582\
9531 13.599609 1\
.3769531C13.2496\
09 0.32145312 12\
.650391 -0.05689\
0625 12.087891 0\
.005859375 z M 1\
6.199219 8.61132\
81C15.999219 8.5\
113281 15.6 9.71\
83594 12.5 9.818\
3594C9.7 9.91835\
94 8.9007812 8.9\
121094 8.8007812\
 8.9121094C4.700\
7812 10.320109 1\
 14.642844 1 18.\
964844C1 24.4918\
44 4.3 26 13 26C\
21.7 26 25 24.29\
0281 25 18.86328\
1C25 14.240281 2\
0.599219 9.81832\
81 16.199219 8.6\
113281 z M 9.007\
8125 13L11 13L13\
 16.25L15 13L16.\
96875 13L14.0136\
72 18L15 18L15 1\
9L14 19L14 20L15\
 20L15 21L14 21L\
14 22L12 22L12 2\
1L11 21L11 20L12\
 20L12 19L11 19L\
11 18L11.984375 \
18L9.0078125 13 \
z\x22 fill=\x22#FFFFFF\
\x22 />\x0a</svg>\
\x00\x00\x0f\x1f\
<\
svg xmlns=\x22http:\
//www.w3.org/200\
0/svg\x22 xmlns:xli\
nk=\x22http://www.w\
3.org/1999/xlink\
\x22 viewBox=\x220 0 4\
8 48\x22><radialGra\
dient id=\x229HBmwQ\
WLXZEtBQqvsXHnca\
\x22 cx=\x2224\x22 cy=\x2224\
\x22 r=\x2218\x22 fx=\x2223.\
905\x22 fy=\x2216.289\x22\
 gradientUnits=\x22\
userSpaceOnUse\x22>\
<stop offset=\x220\x22\
 stop-color=\x22#ff\
e16e\x22/><stop off\
set=\x22.629\x22 stop-\
color=\x22#ffd226\x22/\
><stop offset=\x22.\
75\x22 stop-color=\x22\
#fdcd23\x22/><stop \
offset=\x22.899\x22 st\
op-color=\x22#f6bd1\
b\x22/><stop offset\
=\x22.999\x22 stop-col\
or=\x22#f0af13\x22/></\
radialGradient><\
circle cx=\x2224\x22 c\
y=\x2224\x22 r=\x2218\x22 fi\
ll=\x22url(#9HBmwQW\
LXZEtBQqvsXHnca)\
\x22/><radialGradie\
nt id=\x229HBmwQWLX\
ZEtBQqvsXHncb\x22 c\
x=\x22-28.376\x22 cy=\x22\
21.439\x22 r=\x225.456\
\x22 fx=\x22-28.38\x22 fy\
=\x2221.643\x22 gradie\
ntTransform=\x22mat\
rix(1.9165 0 0 1\
.0383 78.386 9.0\
66)\x22 gradientUni\
ts=\x22userSpaceOnU\
se\x22><stop offset\
=\x22.947\x22 stop-col\
or=\x22#ffe16e\x22/><s\
top offset=\x221\x22 s\
top-color=\x22#ffe1\
6e\x22 stop-opacity\
=\x220\x22/></radialGr\
adient><path fil\
l=\x22url(#9HBmwQWL\
XZEtBQqvsXHncb)\x22\
 d=\x22M32.642,31c0\
,0-1.996,5-8.642\
,5c-6.156,0-8.63\
7-5-8.637-5s1.62\
7,2.305,8.72,2.3\
05S32.642,31,32.\
642,31z\x22/><radia\
lGradient id=\x229H\
BmwQWLXZEtBQqvsX\
Hncc\x22 cx=\x22-21.91\
\x22 cy=\x22.911\x22 r=\x228\
.479\x22 gradientTr\
ansform=\x22matrix(\
1.0924 0 0 1.116\
9 48.038 27.475)\
\x22 gradientUnits=\
\x22userSpaceOnUse\x22\
><stop offset=\x22.\
819\x22 stop-color=\
\x22#cc9000\x22/><stop\
 offset=\x221\x22 stop\
-color=\x22#cc9000\x22\
 stop-opacity=\x220\
\x22/></radialGradi\
ent><path fill=\x22\
url(#9HBmwQWLXZE\
tBQqvsXHncc)\x22 d=\
\x22M24,36c-6.815,0\
-9.227-5.819-9.2\
27-5.819S15.923,\
38,24,38s9.227-7\
.819,9.227-7.819\
S30.815,36,24,36\
z\x22/><radialGradi\
ent id=\x229HBmwQWL\
XZEtBQqvsXHncd\x22 \
cx=\x2224\x22 cy=\x2230.8\
43\x22 r=\x229.652\x22 gr\
adientTransform=\
\x22matrix(1 0 0 .3\
754 0 19.265)\x22 g\
radientUnits=\x22us\
erSpaceOnUse\x22><s\
top offset=\x220\x22 s\
top-color=\x22#1c19\
11\x22/><stop offse\
t=\x22.999\x22 stop-co\
lor=\x22#171714\x22/><\
/radialGradient>\
<path fill=\x22url(\
#9HBmwQWLXZEtBQq\
vsXHncd)\x22 d=\x22M32\
.378,29.788c0.45\
5-0.38,1.076,0.2\
15,0.717,0.687C3\
1.453,32.634,28.\
603,35,24,35s-7.\
453-2.366-9.095-\
4.525c-0.359-0.4\
72,0.262-1.067,0\
.717-0.687C17.50\
1,31.355,20.344,\
33,24,33S30.499,\
31.355,32.378,29\
.788z\x22/><radialG\
radient id=\x229HBm\
wQWLXZEtBQqvsXHn\
ce\x22 cx=\x2224\x22 cy=\x22\
23\x22 r=\x2211.18\x22 gr\
adientTransform=\
\x22matrix(-1 0 0 1\
 48 0)\x22 gradient\
Units=\x22userSpace\
OnUse\x22><stop off\
set=\x220\x22 stop-col\
or=\x22#1c1911\x22/><s\
top offset=\x22.999\
\x22 stop-color=\x22#1\
71714\x22/></radial\
Gradient><path f\
ill=\x22url(#9HBmwQ\
WLXZEtBQqvsXHnce\
)\x22 d=\x22M17,18c3.5\
05,0,5,1,7,1s3.4\
95-1,7-1h7.469C3\
8.762,18,39,18.2\
38,39,18.531v1.0\
94c0,0.207-0.12,\
0.389-0.307,0.47\
9C38.4,20.246,38\
,20.568,38,21.27\
4C38,25.026,36.1\
15,28,31.165,28C\
27.324,28,25,25.\
691,25,22.054C25\
,21.325,24.506,2\
1,24,21s-1,0.325\
-1,1.054C23,25.6\
91,20.676,28,16.\
835,28C11.885,28\
,10,25.026,10,21\
.274c0-0.706-0.4\
-1.028-0.693-1.1\
7C9.12,20.014,9,\
19.832,9,19.625v\
-1.094C9,18.238,\
9.238,18,9.531,1\
8H17z\x22/><radialG\
radient id=\x229HBm\
wQWLXZEtBQqvsXHn\
cf\x22 cx=\x2231.333\x22 \
cy=\x2228.21\x22 r=\x229.\
903\x22 gradientTra\
nsform=\x22matrix(0\
 -1 2.2837 0 -33\
.09 59.543)\x22 gra\
dientUnits=\x22user\
SpaceOnUse\x22><sto\
p offset=\x22.335\x22 \
stop-color=\x22#1a1\
812\x22/><stop offs\
et=\x22.468\x22 stop-c\
olor=\x22#1e1c17\x22/>\
<stop offset=\x22.6\
16\x22 stop-color=\x22\
#2a2924\x22/><stop \
offset=\x22.771\x22 st\
op-color=\x22#3e3d3\
a\x22/><stop offset\
=\x22.93\x22 stop-colo\
r=\x22#5b5a59\x22/><st\
op offset=\x221\x22 st\
op-color=\x22#69696\
9\x22/></radialGrad\
ient><path fill=\
\x22url(#9HBmwQWLXZ\
EtBQqvsXHncf)\x22 d\
=\x22M37,21c0-1.105\
-0.895-2-2-2h-4c\
-0.992,0-2.334,0\
.211-3.378,0.41C\
26.679,19.589,26\
,20.414,26,21.37\
4v0.68C26,25.151\
,27.931,27,31.16\
5,27C35.037,27,3\
7,25.073,37,21.2\
74V21z\x22/><radial\
Gradient id=\x229HB\
mwQWLXZEtBQqvsXH\
ncg\x22 cx=\x2231.333\x22\
 cy=\x2228.21\x22 r=\x229\
.903\x22 gradientTr\
ansform=\x22matrix(\
0 -1 -2.2837 0 8\
1.09 59.543)\x22 gr\
adientUnits=\x22use\
rSpaceOnUse\x22><st\
op offset=\x22.335\x22\
 stop-color=\x22#1a\
1812\x22/><stop off\
set=\x22.468\x22 stop-\
color=\x22#1e1c17\x22/\
><stop offset=\x22.\
616\x22 stop-color=\
\x22#2a2924\x22/><stop\
 offset=\x22.771\x22 s\
top-color=\x22#3e3d\
3a\x22/><stop offse\
t=\x22.93\x22 stop-col\
or=\x22#5b5a59\x22/><s\
top offset=\x221\x22 s\
top-color=\x22#6969\
69\x22/></radialGra\
dient><path fill\
=\x22url(#9HBmwQWLX\
ZEtBQqvsXHncg)\x22 \
d=\x22M11,21c0-1.10\
5,0.895-2,2-2h4c\
0.992,0,2.334,0.\
211,3.378,0.41C2\
1.321,19.589,22,\
20.414,22,21.374\
v0.68C22,25.151,\
20.069,27,16.835\
,27C12.963,27,11\
,25.073,11,21.27\
4V21z\x22/></svg>\
\x00\x00\x0f\x1f\
<\
svg xmlns=\x22http:\
//www.w3.org/200\
0/svg\x22 xmlns:xli\
nk=\x22http://www.w\
3.org/1999/xlink\
\x22 viewBox=\x220 0 4\
8 48\x22><radialGra\
dient id=\x229HBmwQ\
WLXZEtBQqvsXHnca\
\x22 cx=\x2224\x22 cy=\x2224\
\x22 r=\x2218\x22 fx=\x2223.\
905\x22 fy=\x2216.289\x22\
 gradientUnits=\x22\
userSpaceOnUse\x22>\
<stop offset=\x220\x22\
 stop-color=\x22#ff\
e16e\x22/><stop off\
set=\x22.629\x22 stop-\
color=\x22#ffd226\x22/\
><stop offset=\x22.\
75\x22 stop-color=\x22\
#fdcd23\x22/><stop \
offset=\x22.899\x22 st\
op-color=\x22#f6bd1\
b\x22/><stop offset\
=\x22.999\x22 stop-col\
or=\x22#f0af13\x22/></\
radialGradient><\
circle cx=\x2224\x22 c\
y=\x2224\x22 r=\x2218\x22 fi\
ll=\x22url(#9HBmwQW\
LXZEtBQqvsXHnca)\
\x22/><radialGradie\
nt id=\x229HBmwQWLX\
ZEtBQqvsXHncb\x22 c\
x=\x22-28.376\x22 cy=\x22\
21.439\x22 r=\x225.456\
\x22 fx=\x22-28.38\x22 fy\
=\x2221.643\x22 gradie\
ntTransform=\x22mat\
rix(1.9165 0 0 1\
.0383 78.386 9.0\
66)\x22 gradientUni\
ts=\x22userSpaceOnU\
se\x22><stop offset\
=\x22.947\x22 stop-col\
or=\x22#ffe16e\x22/><s\
top offset=\x221\x22 s\
top-color=\x22#ffe1\
6e\x22 stop-opacity\
=\x220\x22/></radialGr\
adient><path fil\
l=\x22url(#9HBmwQWL\
XZEtBQqvsXHncb)\x22\
 d=\x22M32.642,31c0\
,0-1.996,5-8.642\
,5c-6.156,0-8.63\
7-5-8.637-5s1.62\
7,2.305,8.72,2.3\
05S32.642,31,32.\
642,31z\x22/><radia\
lGradient id=\x229H\
BmwQWLXZEtBQqvsX\
Hncc\x22 cx=\x22-21.91\
\x22 cy=\x22.911\x22 r=\x228\
.479\x22 gradientTr\
ansform=\x22matrix(\
1.0924 0 0 1.116\
9 48.038 27.475)\
\x22 gradientUnits=\
\x22userSpaceOnUse\x22\
><stop offset=\x22.\
819\x22 stop-color=\
\x22#cc9000\x22/><stop\
 offset=\x221\x22 stop\
-color=\x22#cc9000\x22\
 stop-opacity=\x220\
\x22/></radialGradi\
ent><path fill=\x22\
url(#9HBmwQWLXZE\
tBQqvsXHncc)\x22 d=\
\x22M24,36c-6.815,0\
-9.227-5.819-9.2\
27-5.819S15.923,\
38,24,38s9.227-7\
.819,9.227-7.819\
S30.815,36,24,36\
z\x22/><radialGradi\
ent id=\x229HBmwQWL\
XZEtBQqvsXHncd\x22 \
cx=\x2224\x22 cy=\x2230.8\
43\x22 r=\x229.652\x22 gr\
adientTransform=\
\x22matrix(1 0 0 .3\
754 0 19.265)\x22 g\
radientUnits=\x22us\
erSpaceOnUse\x22><s\
top offset=\x220\x22 s\
top-color=\x22#1c19\
11\x22/><stop offse\
t=\x22.999\x22 stop-co\
lor=\x22#171714\x22/><\
/radialGradient>\
<path fill=\x22url(\
#9HBmwQWLXZEtBQq\
vsXHncd)\x22 d=\x22M32\
.378,29.788c0.45\
5-0.38,1.076,0.2\
15,0.717,0.687C3\
1.453,32.634,28.\
603,35,24,35s-7.\
453-2.366-9.095-\
4.525c-0.359-0.4\
72,0.262-1.067,0\
.717-0.687C17.50\
1,31.355,20.344,\
33,24,33S30.499,\
31.355,32.378,29\
.788z\x22/><radialG\
radient id=\x229HBm\
wQWLXZEtBQqvsXHn\
ce\x22 cx=\x2224\x22 cy=\x22\
23\x22 r=\x2211.18\x22 gr\
adientTransform=\
\x22matrix(-1 0 0 1\
 48 0)\x22 gradient\
Units=\x22userSpace\
OnUse\x22><stop off\
set=\x220\x22 stop-col\
or=\x22#1c1911\x22/><s\
top offset=\x22.999\
\x22 stop-color=\x22#1\
71714\x22/></radial\
Gradient><path f\
ill=\x22url(#9HBmwQ\
WLXZEtBQqvsXHnce\
)\x22 d=\x22M17,18c3.5\
05,0,5,1,7,1s3.4\
95-1,7-1h7.469C3\
8.762,18,39,18.2\
38,39,18.531v1.0\
94c0,0.207-0.12,\
0.389-0.307,0.47\
9C38.4,20.246,38\
,20.568,38,21.27\
4C38,25.026,36.1\
15,28,31.165,28C\
27.324,28,25,25.\
691,25,22.054C25\
,21.325,24.506,2\
1,24,21s-1,0.325\
-1,1.054C23,25.6\
91,20.676,28,16.\
835,28C11.885,28\
,10,25.026,10,21\
.274c0-0.706-0.4\
-1.028-0.693-1.1\
7C9.12,20.014,9,\
19.832,9,19.625v\
-1.094C9,18.238,\
9.238,18,9.531,1\
8H17z\x22/><radialG\
radient id=\x229HBm\
wQWLXZEtBQqvsXHn\
cf\x22 cx=\x2231.333\x22 \
cy=\x2228.21\x22 r=\x229.\
903\x22 gradientTra\
nsform=\x22matrix(0\
 -1 2.2837 0 -33\
.09 59.543)\x22 gra\
dientUnits=\x22user\
SpaceOnUse\x22><sto\
p offset=\x22.335\x22 \
stop-color=\x22#1a1\
812\x22/><stop offs\
et=\x22.468\x22 stop-c\
olor=\x22#1e1c17\x22/>\
<stop offset=\x22.6\
16\x22 stop-color=\x22\
#2a2924\x22/><stop \
offset=\x22.771\x22 st\
op-color=\x22#3e3d3\
a\x22/><stop offset\
=\x22.93\x22 stop-colo\
r=\x22#5b5a59\x22/><st\
op offset=\x221\x22 st\
op-color=\x22#69696\
9\x22/></radialGrad\
ient><path fill=\
\x22url(#9HBmwQWLXZ\
EtBQqvsXHncf)\x22 d\
=\x22M37,21c0-1.105\
-0.895-2-2-2h-4c\
-0.992,0-2.334,0\
.211-3.378,0.41C\
26.679,19.589,26\
,20.414,26,21.37\
4v0.68C26,25.151\
,27.931,27,31.16\
5,27C35.037,27,3\
7,25.073,37,21.2\
74V21z\x22/><radial\
Gradient id=\x229HB\
mwQWLXZEtBQqvsXH\
ncg\x22 cx=\x2231.333\x22\
 cy=\x2228.21\x22 r=\x229\
.903\x22 gradientTr\
ansform=\x22matrix(\
0 -1 -2.2837 0 8\
1.09 59.543)\x22 gr\
adientUnits=\x22use\
rSpaceOnUse\x22><st\
op offset=\x22.335\x22\
 stop-color=\x22#1a\
1812\x22/><stop off\
set=\x22.468\x22 stop-\
color=\x22#1e1c17\x22/\
><stop offset=\x22.\
616\x22 stop-color=\
\x22#2a2924\x22/><stop\
 offset=\x22.771\x22 s\
top-color=\x22#3e3d\
3a\x22/><stop offse\
t=\x22.93\x22 stop-col\
or=\x22#5b5a59\x22/><s\
top offset=\x221\x22 s\
top-color=\x22#6969\
69\x22/></radialGra\
dient><path fill\
=\x22url(#9HBmwQWLX\
ZEtBQqvsXHncg)\x22 \
d=\x22M11,21c0-1.10\
5,0.895-2,2-2h4c\
0.992,0,2.334,0.\
211,3.378,0.41C2\
1.321,19.589,22,\
20.414,22,21.374\
v0.68C22,25.151,\
20.069,27,16.835\
,27C12.963,27,11\
,25.073,11,21.27\
4V21z\x22/></svg>\
\x00\x00\x03\xe3\
<\
?xml version=\x221.\
0\x22 standalone=\x22n\
o\x22?><!DOCTYPE sv\
g PUBLIC \x22-//W3C\
//DTD SVG 1.1//E\
N\x22 \x22http://www.w\
3.org/Graphics/S\
VG/1.1/DTD/svg11\
.dtd\x22><svg t=\x2217\
56946893521\x22 cla\
ss=\x22icon\x22 viewBo\
x=\x220 0 1024 1024\
\x22 version=\x221.1\x22 \
xmlns=\x22http://ww\
w.w3.org/2000/sv\
g\x22 p-id=\x226328\x22 x\
mlns:xlink=\x22http\
://www.w3.org/19\
99/xlink\x22 width=\
\x2264\x22 height=\x2264\x22\
><path d=\x22M512 0\
c-282.76736 0-51\
2 71.63904-512 1\
60.01024l0 128c0\
 88.3712 229.232\
64 160.01024 512\
 160.01024s512-7\
1.63904 512-160.\
01024l0-128c0-88\
.3712-229.23264-\
160.01024-512-16\
0.01024z\x22 fill=\x22\
#ffffff\x22 p-id=\x226\
329\x22></path><pat\
h d=\x22M512 544.01\
024c-282.76736 0\
-512-71.63904-51\
2-160.01024l0 19\
2c0 88.3712 229.\
23264 160.01024 \
512 160.01024s51\
2-71.63904 512-1\
60.01024l0-192c0\
 88.3712-229.232\
64 160.01024-512\
 160.01024z\x22 fil\
l=\x22#ffffff\x22 p-id\
=\x226330\x22></path><\
path d=\x22M512 832\
c-282.76736 0-51\
2-71.63904-512-1\
60.01024l0 192c0\
 88.3712 229.232\
64 160.01024 512\
 160.01024s512-7\
1.63904 512-160.\
01024l0-192c0 88\
.3712-229.23264 \
160.01024-512 16\
0.01024z\x22 fill=\x22\
#ffffff\x22 p-id=\x226\
331\x22></path></sv\
g>\
\x00\x00\x04\x00\
<\
svg xmlns=\x22http:\
//www.w3.org/200\
0/svg\x22 xmlns:xli\
nk=\x22http://www.w\
3.org/1999/xlink\
\x22 viewBox=\x220 0 2\
4 24\x22 fill=\x22#FFF\
FFF\x22>\x0a  <path d=\
\x22M9.6679688 2L9.\
1757812 4.523437\
5C8.3550224 4.83\
38012 7.5961042 \
5.2674041 6.9296\
875 5.8144531L4.\
5058594 4.978515\
6L2.1738281 9.02\
14844L4.1132812 \
10.707031C4.0445\
153 11.128986 4 \
11.558619 4 12C4\
 12.441381 4.044\
5153 12.871014 4\
.1132812 13.2929\
69L2.1738281 14.\
978516L4.5058594\
 19.021484L6.929\
6875 18.185547C7\
.5961042 18.7325\
96 8.3550224 19.\
166199 9.1757812\
 19.476562L9.667\
9688 22L14.33203\
1 22L14.824219 1\
9.476562C15.6449\
78 19.166199 16.\
403896 18.732596\
 17.070312 18.18\
5547L19.494141 1\
9.021484L21.8261\
72 14.978516L19.\
886719 13.292969\
C19.955485 12.87\
1014 20 12.44138\
1 20 12C20 11.55\
8619 19.955485 1\
1.128986 19.8867\
19 10.707031L21.\
826172 9.0214844\
L19.494141 4.978\
5156L17.070312 5\
.8144531C16.4038\
96 5.2674041 15.\
644978 4.8338012\
 14.824219 4.523\
4375L14.332031 2\
L9.6679688 2 z M\
 12 8C14.209 8 1\
6 9.791 16 12C16\
 14.209 14.209 1\
6 12 16C9.791 16\
 8 14.209 8 12C8\
 9.791 9.791 8 1\
2 8 z\x22 fill=\x22#FF\
FFFF\x22 />\x0a</svg>\
\x00\x00\x0d\x9d\
<\
svg xmlns=\x22http:\
//www.w3.org/200\
0/svg\x22 xmlns:xli\
nk=\x22http://www.w\
3.org/1999/xlink\
\x22 viewBox=\x220 0 3\
2 32\x22 fill=\x22#FFF\
FFF\x22>\x0a  <path d=\
\x22M19.5 4C18.1860\
26 4 17.021022 4\
.6961422 16.2363\
28 5.7050781C15.\
73325 6.3519213 \
15.385539 7.1405\
271 15.1875 8L14\
 8L14 9L15.03906\
2 9C15.026796 9.\
1669798 15 9.329\
3945 15 9.5C15 9\
.6706056 15.0267\
96 9.8330201 15.\
039062 10L14 10L\
14 11L15.1875 11\
C15.385539 11.85\
9473 15.73325 12\
.648079 16.23632\
8 13.294922C17.0\
21022 14.303858 \
18.186026 15 19.\
5 15C21.149933 1\
5 22.535482 13.9\
20096 23.294922 \
12.462891L21.521\
484 11.537109C21\
.024924 12.48990\
4 20.276067 13 1\
9.5 13C18.880974\
 13 18.29651 12.\
688173 17.814453\
 12.068359C17.58\
5351 11.773786 1\
7.393831 11.4091\
21 17.251953 11L\
20 11L20 10L17.0\
39062 10C17.0214\
42 9.8352322 17 \
9.6720508 17 9.5\
C17 9.3279491 17\
.021442 9.164767\
8 17.039062 9L19\
.998047 9L19.998\
047 8L17.251953 \
8C17.393831 7.59\
08792 17.585351 \
7.2262139 17.814\
453 6.9316406C18\
.29651 6.3118266\
 18.880974 6 19.\
5 6C20.276067 6 \
21.024924 6.5100\
957 21.521484 7.\
4628906L23.29492\
2 6.5371094C22.5\
35482 5.0799043 \
21.149933 4 19.5\
 4 z M 11.453125\
 16C8.25588 16 4\
.0214844 17.7597\
66 4.0214844 17.\
759766L4.7578125\
 19.619141C4.757\
8125 19.619141 9\
.06237 18 11.453\
125 18C12.419957\
 18 14.072474 18\
.584974 15.41992\
2 19.273438C16.0\
93646 19.617669 \
16.702891 19.981\
507 17.148438 20\
.277344C17.37121\
1 20.425262 17.5\
54355 20.557027 \
17.673828 20.652\
344C17.701859 20\
.674708 17.71295\
6 20.689551 17.7\
34375 20.710938C\
17.767101 20.741\
08 17.800014 20.\
770701 17.826172\
 20.804688L17.89\
2578 20.90625C18\
.019246 21.14432\
1 18.01438 21.43\
5337 17.84375 21\
.679688C17.64946\
4 21.955823 17.3\
07018 22.06272 1\
6.988281 21.9550\
78L12.636719 19.\
884766L11.777344\
 21.689453L16.26\
9531 23.826172L1\
6.318359 23.8437\
5C17.475203 24.2\
49193 18.774492 \
23.83545 19.4804\
69 22.832031L19.\
480469 22.830078\
C19.878753 22.26\
3041 20.018182 2\
1.592385 19.9453\
12 20.947266L24.\
71875 20.167969L\
24.720703 20.167\
969C25.251221 20\
.079639 25.75235\
4 20.381536 25.9\
21875 20.890625C\
26.101509 21.430\
058 25.855855 21\
.990361 25.33789\
1 22.21875C23.87\
2711 22.864331 2\
1.488457 23.8295\
48 19.371094 24.\
625C18.312412 25\
.022726 17.31854\
5 25.378918 16.5\
44922 25.630859C\
16.15811 25.7568\
3 15.824244 25.8\
55742 15.578125 \
25.919922C15.331\
957 25.984106 15\
.125208 26 15.22\
6562 26C15.28946\
3 26 14.873121 2\
5.90444 14.40234\
4 25.650391C13.9\
31567 25.396336 \
13.35454 25.0318\
42 12.763672 24.\
65625C12.172803 \
24.280658 11.566\
785 23.895118 10\
.984375 23.58593\
8C10.401965 23.2\
76757 9.8853222 \
23 9.1777344 23C\
7.541807 23 6.08\
20313 23.632813 \
6.0820312 23.632\
812L6.84375 25.4\
82422C6.84375 25\
.482422 8.087661\
7 25 9.1777344 2\
5C9.1516464 25 9\
.5696917 25.0982\
4 10.046875 25.3\
51562C10.524058 \
25.604882 11.102\
4 25.969342 11.6\
91406 26.34375C1\
2.280413 26.7181\
58 12.879605 27.\
103664 13.451172\
 27.412109C14.02\
2739 27.720555 1\
4.516664 28 15.2\
26562 28C15.5679\
18 28 15.7756 27\
.93589 16.083984\
 27.855469C16.39\
2369 27.775049 1\
6.753609 27.6649\
2 17.164062 27.5\
3125C17.98497 27\
.26391 18.997775\
 26.900493 20.07\
4219 26.496094C2\
2.227105 25.6872\
96 24.620711 24.\
720247 26.144531\
 24.048828C27.59\
0568 23.411217 2\
8.318679 21.7563\
32 27.820312 20.\
259766C27.344264\
 18.830142 25.88\
2583 17.949894 2\
4.396484 18.1953\
12L24.392578 18.\
195312L18.921875\
 19.087891C18.90\
5089 19.074499 1\
8.878718 19.0584\
68 18.861328 19.\
044922C18.840218\
 19.029285 18.82\
4417 19.009251 1\
8.802734 18.9941\
41L18.509766 18.\
787109L18.507812\
 18.791016C18.42\
0524 18.730022 1\
8.353721 18.6763\
07 18.255859 18.\
611328C17.737906\
 18.267414 17.07\
3354 17.871956 1\
6.330078 17.4921\
88C14.843526 16.\
732651 13.094293\
 16 11.453125 16\
 z\x22 fill=\x22#FFFFF\
F\x22 />\x0a</svg>\
\x00\x00\x0d\x9d\
<\
svg xmlns=\x22http:\
//www.w3.org/200\
0/svg\x22 xmlns:xli\
nk=\x22http://www.w\
3.org/1999/xlink\
\x22 viewBox=\x220 0 3\
2 32\x22 fill=\x22#FFF\
FFF\x22>\x0a  <path d=\
\x22M19.5 4C18.1860\
26 4 17.021022 4\
.6961422 16.2363\
28 5.7050781C15.\
73325 6.3519213 \
15.385539 7.1405\
271 15.1875 8L14\
 8L14 9L15.03906\
2 9C15.026796 9.\
1669798 15 9.329\
3945 15 9.5C15 9\
.6706056 15.0267\
96 9.8330201 15.\
039062 10L14 10L\
14 11L15.1875 11\
C15.385539 11.85\
9473 15.73325 12\
.648079 16.23632\
8 13.294922C17.0\
21022 14.303858 \
18.186026 15 19.\
5 15C21.149933 1\
5 22.535482 13.9\
20096 23.294922 \
12.462891L21.521\
484 11.537109C21\
.024924 12.48990\
4 20.276067 13 1\
9.5 13C18.880974\
 13 18.29651 12.\
688173 17.814453\
 12.068359C17.58\
5351 11.773786 1\
7.393831 11.4091\
21 17.251953 11L\
20 11L20 10L17.0\
39062 10C17.0214\
42 9.8352322 17 \
9.6720508 17 9.5\
C17 9.3279491 17\
.021442 9.164767\
8 17.039062 9L19\
.998047 9L19.998\
047 8L17.251953 \
8C17.393831 7.59\
08792 17.585351 \
7.2262139 17.814\
453 6.9316406C18\
.29651 6.3118266\
 18.880974 6 19.\
5 6C20.276067 6 \
21.024924 6.5100\
957 21.521484 7.\
4628906L23.29492\
2 6.5371094C22.5\
35482 5.0799043 \
21.149933 4 19.5\
 4 z M 11.453125\
 16C8.25588 16 4\
.0214844 17.7597\
66 4.0214844 17.\
759766L4.7578125\
 19.619141C4.757\
8125 19.619141 9\
.06237 18 11.453\
125 18C12.419957\
 18 14.072474 18\
.584974 15.41992\
2 19.273438C16.0\
93646 19.617669 \
16.702891 19.981\
507 17.148438 20\
.277344C17.37121\
1 20.425262 17.5\
54355 20.557027 \
17.673828 20.652\
344C17.701859 20\
.674708 17.71295\
6 20.689551 17.7\
34375 20.710938C\
17.767101 20.741\
08 17.800014 20.\
770701 17.826172\
 20.804688L17.89\
2578 20.90625C18\
.019246 21.14432\
1 18.01438 21.43\
5337 17.84375 21\
.679688C17.64946\
4 21.955823 17.3\
07018 22.06272 1\
6.988281 21.9550\
78L12.636719 19.\
884766L11.777344\
 21.689453L16.26\
9531 23.826172L1\
6.318359 23.8437\
5C17.475203 24.2\
49193 18.774492 \
23.83545 19.4804\
69 22.832031L19.\
480469 22.830078\
C19.878753 22.26\
3041 20.018182 2\
1.592385 19.9453\
12 20.947266L24.\
71875 20.167969L\
24.720703 20.167\
969C25.251221 20\
.079639 25.75235\
4 20.381536 25.9\
21875 20.890625C\
26.101509 21.430\
058 25.855855 21\
.990361 25.33789\
1 22.21875C23.87\
2711 22.864331 2\
1.488457 23.8295\
48 19.371094 24.\
625C18.312412 25\
.022726 17.31854\
5 25.378918 16.5\
44922 25.630859C\
16.15811 25.7568\
3 15.824244 25.8\
55742 15.578125 \
25.919922C15.331\
957 25.984106 15\
.125208 26 15.22\
6562 26C15.28946\
3 26 14.873121 2\
5.90444 14.40234\
4 25.650391C13.9\
31567 25.396336 \
13.35454 25.0318\
42 12.763672 24.\
65625C12.172803 \
24.280658 11.566\
785 23.895118 10\
.984375 23.58593\
8C10.401965 23.2\
76757 9.8853222 \
23 9.1777344 23C\
7.541807 23 6.08\
20313 23.632813 \
6.0820312 23.632\
812L6.84375 25.4\
82422C6.84375 25\
.482422 8.087661\
7 25 9.1777344 2\
5C9.1516464 25 9\
.5696917 25.0982\
4 10.046875 25.3\
51562C10.524058 \
25.604882 11.102\
4 25.969342 11.6\
91406 26.34375C1\
2.280413 26.7181\
58 12.879605 27.\
103664 13.451172\
 27.412109C14.02\
2739 27.720555 1\
4.516664 28 15.2\
26562 28C15.5679\
18 28 15.7756 27\
.93589 16.083984\
 27.855469C16.39\
2369 27.775049 1\
6.753609 27.6649\
2 17.164062 27.5\
3125C17.98497 27\
.26391 18.997775\
 26.900493 20.07\
4219 26.496094C2\
2.227105 25.6872\
96 24.620711 24.\
720247 26.144531\
 24.048828C27.59\
0568 23.411217 2\
8.318679 21.7563\
32 27.820312 20.\
259766C27.344264\
 18.830142 25.88\
2583 17.949894 2\
4.396484 18.1953\
12L24.392578 18.\
195312L18.921875\
 19.087891C18.90\
5089 19.074499 1\
8.878718 19.0584\
68 18.861328 19.\
044922C18.840218\
 19.029285 18.82\
4417 19.009251 1\
8.802734 18.9941\
41L18.509766 18.\
787109L18.507812\
 18.791016C18.42\
0524 18.730022 1\
8.353721 18.6763\
07 18.255859 18.\
611328C17.737906\
 18.267414 17.07\
3354 17.871956 1\
6.330078 17.4921\
88C14.843526 16.\
732651 13.094293\
 16 11.453125 16\
 z\x22 fill=\x22#FFFFF\
F\x22 />\x0a</svg>\
\x00\x00\x07\xb3\
\x00\
\x00\x22@x\xda\xedZi\x8f\xdb\xc8\x11\xfd+\x84\xfc\
\xc5\x03\x90TW\xf5\xbd\xf0\x18H\x8c$@\xe0\x1c\x88\
c \xdf\x02\x8a\xc7\x8cl\xcd\x01I\xeb\x19\xef\xafO\
U55;\x22\xe9\x19j\x07\xd9l\x00Cv\xb3\xc8\
~}\xd5\xd5\xaf\xdb~\xb3\xfbr\x91\xdd_m\xaew\
\xe7\x8b\xcb\xfd\xfe\xf6\x87\xe5\xf2\xee\xee\xae\xbc\xd3\xe5\xcd\
\xf6b\x89J\xa9%!\x16\x09\xf2\xc3\xfdf}\xfdy\
\x0a\x081\xc6\xa5\xd4.\xb2/\xeb\xf6\xee\xf77\xf7\xe7\
\x0b\x95\xa9\xcc\x04\xfa\xb3x\xfbf[5\xebj\xf3'\
~\xb4\xd7\xfbl\xdd\x9c/\xfe\xa8\xfe\xf0\xbbO_\xff\
u\x1d>\x7f\xf9\xc7\x9f\xff\xad>\xfe\xf8\xee\xaf\xeb\xbf\
W\x8b\xac\xa6\xa6\xda\x94`\x0c\xc9_\xcf\x17\x06J\xc0\
\xb8\xc8\xb6\xe7\x0b_*K\xd2E\xdf\xcd?\xb7\xd5\xf5\
\xae\xbb\xd9^\x9d/\xae\xaa\xfdv}\xff\xba(\x83\xd6\
:+\x95\xc2\x90\x15\xf4P\xd1\xd2\xd3(\x173\x07\xa5\
\x03\xc8\xac/\xbd\x0bg?\xf7\xf2\xf1z\xbd\xa7\xd5\xff\
\xb8k\xb7\x1fn\xab\xba\xfd\xdb\xf5\xc7]KS\xde\xed\
on\xb3\x9b\xae\xdb\xb5{Z\xcb\x22\xe3\xf7\xa2\xbe\xd9\
\xdc\xd0D^A\xed\xbb\x95Z,\x07\xb0R\x197D\
\xfa\xe0W\xed\x18\x09\xd6\x0e\x90\xaa\x89\xae\xa9\xc6Ht\
f\x88t\x15\xb4\xdd\x18\xa9=\x0e\x91P\x85n5F\
\x1a\x1f\x87\xc8j\xa2C\xefGC\xaf\xc60\x18`L\
\xd7\xa8N`\xcbc\xbb\xbf}\xd3n6\xeb\xdb]\x9b\
\x8c\xac{\x03\xd3\xa4\xbb\xf5fC6\xd8n^\xbf\x9a\
\xf6\x0b2\xd8\x96\xda\x90\xce\xb6\xd4\x04\xb9\xf3\xb9>\xb5\
J>U8\xeb\xd2\x80h\xc4\x9b \xd0\xb8}EI\
\x8eBoT\x09\xae\xc40\xedd{\x167\xd5\xbe}\
\xed\x82z\xa9\x07u]\x0bn\xc2/\x1c\xc6\x11\xb21\
\xe8&\x8c34v\xd7\xd4\x0d\xea10\xd8\xa1\x15\xbb\
\xb0\x8a\x10\x9f5d\xa7b\xad\xeaIC\xd6\xebm\xbd\
IvD3V\xeb3\xe6\x5c\x9dq\xa7\xb7\xd5\xfe\xb2\
\x87\xbe\x0a\xca\xae\x90\xa2\x9f\x8c\xf8\x17\xcd\xe6\xd09Y\
\xc2G\xa8\x0bU\x1a\x13\xa9\xb4\x0a\x0a(\x95\xb7$\xc7\
\x80${\xf9\xa2\xada\x90\xd3\x9eJ\xed#\x7f\x02\x96\
\x1d\xc9X*\x91#\x85>\xa3\xbc\xe2\xaeP1\xca\xa0\
\xb4\x08\x04\x02\xa7y\x1c+\xc3y\x8dT\xaa \x18o\
Dv\x04B\x00\x96\xdd\x86Kms*\x954\xb0\x0e\
\xf9\x85\xa7\xa44\xe3\x0dp[e\x8dL5\x8d\xac\xf0\
\x01\xd9Wk\x93Ku\x82\xd6\xdc\xa9+\xa4S\xee\xcd\
\xeb\x07\x19T\x90\xc1\x900\xc1p+\xe5rJg\x81\
\xe7\x00\x16r,-0P\x1b\x9d1\x06\x19\x0f^3\
Hk\x1e\xd1z\x02\x19\xc6\xf8`\x09\xe2\xbd\xe0\xa9-\
\x90b\xb9\x1f\xef\x1dA(]\xd1\x17\x0c<\x1d\xe7=\
}\xb7\xc8\x1f<\x0fHi\x94\xca\xa0<\x97 C\x81\
#\x08\xa2y\x98\xa5\xd5l\x1f\x90\xef.\xda:i\x9b\
\xab\xc5\x88&\xf2t\x00X3\xce\x89>\xbd~\x7fd\
\xf1\x9f\x9e\xf2\x0d\x80\x03\x12\xd99i8\xee\xc3\x93R\
h\x9b\xd0\xacJ\xe4j\x9ed!\x93\x94uhq\x1f\
^\x99Q\x81mB\xaa\x97\xb5\x16\xb2\xd6L\x14\x22\xce\
\x80\x0c\xb2\x81m\xe5\x00Eg\xc5Ag\x01\xd9<\x10\
Y!\xce1\x9c\xda&\xdd\x17\xa2{\x9eOZ\x13O\
G\x19\xd6\x87\x0e<\x1d\x15X\x8eF\x86R\xac\xad\x04\
\xeck\x8dLJ\x16AH\xf1\x16\xed\xc4\xe4\xe2\x04\x1e\
\x1fdP>\xb9\xc2{T9\x18\xf2n\x97\x5c\xd6\x8b\
\x8b9q\xd9(\x1d$\x8f\x15gI\xae\x9f\xbad\xbd\
\x18\xcbS@Z\x9b\xb8~\xfe\xb3\xeb\xf3g\xcd\x8e\xac\
\x03\xe4I\xbd\x12B\xb9\x84\x90\xc4\x19\xf2\x8b\xf6\xa2k\
\xcb3\x0bV\xa7`\xcc%\x18Sx\xc84Mr}\
\x082\x9c\xb2\xe2\x00Q<\x06%\x18\xc5\x97ux\x07\
\xd4\xbd\xb7lVG\xf5\xfcf<\xbf\x19 \xfd<6\
\xf9O\xa7d\xfezq\x94\xa04\xd0 (I\xca\xd2\
\x9a\xcc\x89\x19\xbc\x0c1\xceK\xe20\x0dK\x1foh\
\x80\xf5\xfe+\xef\x083\x13\xab\xee\xe7\xfc|^\xad\xcf\
NQO3P\x0f\x99\xbbW\x0e\xf2V\xf9B\x82\x04\
\xe4/\xe3\xbd(\x8et\x08\x9e~fR\x17\x8f\x92\xc0\
\xb7\xd7\xdc\x9c\xa5\xcc\x801\xd7\xaaV\xe4\xae\xde\xb1\xd3\
\xa2\x8e\x85\xe5\xdf\xae\xb0y\xff\x9aS\x18Kf$\xdf\
f\xc7\xa56\x14E\xf4M\x1a%Tn\xf9\x97\xedl\
\xd1\xbf\x16\xf6\x9d\xf4-\xf0$q\x07\x22\x9d\xe4\x8em\
OD\x22y\x1f\xf3/V:\xc4\xc4\xefH\x13\xbat\
V?\xc5n)\xba\x98\xdd2\xaf\xa6p3\x19X\xce\
\xa1>\xe3@\x84S\xf9\x08\x05\xda\x90\xaa\xd6u$\xc6\
\xfc\xac7\xf7\xb0Y\xde<\xcb\x82\xed\xc1\x82&\xd7\xbe\
.L\xda\xb3\xc8t\xa6\xf4\xb6\x7f\xec(g\xd0\xee\xe3\
J\xb6\x0e\x95d\x1e\x91\xb9\xfc\x80A\x9aP\xce\x91.\
\xc4(t\x18i\xab\xed\xf3F\xe9\xe8p\x03\x14\x04\xe4\
\xfc\xcc\xc8\xef\x91dO\x8c\x83\xe4\xaf\xfc\xdd\xd3\x13\xd3\
\xf34\xfd\xd2\xd6=P\x5ct\xa1\xf38uh\x08\x03\
$mwM\xf4\x13\xc88D\xd6U\xedV~\xeax\
\xa1\x07\xc8\xa6iV\xcd\xc4\xe8\x08Cd[\xb7\xabv\
\x82pb\x18%6\xdf\xb9\xceL\x1cD\x9c\x1eqS\
\xfa\xd5c\xa4\x1d\xa5\xca\x89c\x08Q\xbb\x99\xddy\x88\
3\xa7H\xc7\xb2\x99\xcb\x0e\xc6\xcfTeT8\xd3<\
\xd1\xe2<\x93\x7f\xdb\x87\x96\xc7\x1e>3\xd6\xbaC\xac\
\x89\xbf\xe7\x18.\x1d\xedkic\x8f\xbc\x8dS\xda\xa6\
\x92\x86)\xb0\xd0\x1c\x07\x05~@J0Df\x90\xa0\
D\xe5\x1e\x9a\x9e\x14g\x17)\xce\xb4.\xfb(K\x12\
\xc7\x18\xdb\x8cc\xcc0m\xc3\xff\xd6\xc9\x5c\x0f5\xae\
c4\xf5T8\xfaa\x90\xd9\xa6\xea\x9a0\x11d8\
<X\xf9\xaa\xd6m\x9c@\xfa\xa1!C\xdb`g\xa7\
\xc2q\xe8m\xb1jV]3u/0\x0c\xb2\xd86\
\xedT\xfch7\x5c\xbb\xb7\x87#\xfa\xe0^\xc0\x0c\xe3\
\xc7\x06R\xe8\x14r\x94\x8aLS\xeb\xc9\xe8\x8dv\xce\
]C\x08\xa3+\x09\x15Wmx6$\xfa\xde~Y\
<\x5c\x9c\x1d\xce\x9c\xb9A&\x07\xbc\x99*f\xb5\xe4\
\x1e\xc4\x00\xa2K\xe2\x07\xad\x08\x90K\xb9\xd3\xc4$(\
V\x08_\x84\xc2\x14\xa0\xa4\xd8P\xc1=\xd0\x06\xa5\xe9\
/\xc0;\x1dxO\x92\xaeSy\x12]\xb8\xec\xe9Y\
\xe4\xe3\xd2\x03\x83\x15m\xf21\x9b\xb9\xf6\xd3tA\x98\
\x02\x11\xfc\xe8=\x09\x85\xf6\xb4\x1a<\x99'h\xef\xa6\
\xddl\x8a\x00\x0c\x92\xfb(oO7-'o7\xec\
\xfca\x7f\x19\xef\xb8\xfc\xf5m\xff\x88\xddk\xcb\xf9O\
.N\x0e\xc4\xbb|\xa0\xf8\xaf\x10\xf87<\x09\xf7_\
S\x06\x0f\xc4\x01\x91\xb3q\xd4Q\xc6&R('T\
>Hj\xe2\xf0\xfd\xa1r'r\xfe\xe8{\x927|\
g\x22\xa7[\xcb\xc7RY\xbewL{!X\xca\xfd\
\x14\x90I\xde\xa5\x97\xfcQE\x92\xdf\x1f\xcda\xb8@\
\xaa\x9c\xb5\xc0\xb9\xf1\xb0\xee\xef\x865\xe5]<\x5c\x1d\
\x96\xf6\x10\x0f\x14%\xe1\xa9p\xa0\x95\x07o{\xf6L\
\x11e\xb2\xc2\xdb2\xb8\xac\xb0\xcc\xab^z\x9f\xf7\x8d\
\xdc\x0b/p\xe2\xe3\xcbR:\xdd\xc7\x87Uk7\xe3\
\x96m\xdd_\x9a\xd2\xc1\xc2\xf7\x17\xa7\xbc\x91\xbbS\x94\
\xfe\xe9e\x17\xf2\x8f\xef\xe3\x8f\xaf\xe3\x0b\xd0\xdf\xef\xe3\
\x7fS\xf7\xf1`\xe7\xdf\xc7\x7f\x9a\xb8\x8f\x9f\xcb\x04?\
\x9f\xce\x04'\xfe\xa5'\xedn\xc0\xff\xc2\xa4\xce\xbes\
\xc6\xef\x9c\xf1\xd7\xe3\x8c\x9f{\xde\x00\xd8\xf3\x86\xfc\x11\
o\xc8\x1f\xf1\x06\x08\xbc\xfbKI{hA{gO\
\x1cr\xe6\x0cRl\x8a\x9e9\x08\xad\x10\xe6@5\xc4\
\x1c\xa4\xf3T\x9e\xc4\x1a7/d\x8d\xc5\x11m\xa4\xe8\
\xfa\xce\x1bG*\xfe-\xdb\xff\xeae,\xa9\x18\xd3$\
@\xfd\x7fC\x93\xc0\x94\x91\xd3\xe6)4\xe9\xea\x09\x9a\
tq\xc4h!\xbe\x8c\xb2\x03\xfe\xef)\xfb\xd1\x1c\x86\
\x94\x9d*g-pIz\xe1\xff\x18\xf2\xf6?E\x03\
\xb9E\
\x00\x00\x07\xb3\
\x00\
\x00\x22@x\xda\xedZi\x8f\xdb\xc8\x11\xfd+\x84\xfc\
\xc5\x03\x90TW\xf5\xbd\xf0\x18H\x8c$@\xe0\x1c\x88\
c \xdf\x02\x8a\xc7\x8cl\xcd\x01I\xeb\x19\xef\xafO\
U55;\x22\xe9\x19j\x07\xd9l\x00Cv\xb3\xc8\
~}\xd5\xd5\xaf\xdb~\xb3\xfbr\x91\xdd_m\xaew\
\xe7\x8b\xcb\xfd\xfe\xf6\x87\xe5\xf2\xee\xee\xae\xbc\xd3\xe5\xcd\
\xf6b\x89J\xa9%!\x16\x09\xf2\xc3\xfdf}\xfdy\
\x0a\x081\xc6\xa5\xd4.\xb2/\xeb\xf6\xee\xf77\xf7\xe7\
\x0b\x95\xa9\xcc\x04\xfa\xb3x\xfbf[5\xebj\xf3'\
~\xb4\xd7\xfbl\xdd\x9c/\xfe\xa8\xfe\xf0\xbbO_\xff\
u\x1d>\x7f\xf9\xc7\x9f\xff\xad>\xfe\xf8\xee\xaf\xeb\xbf\
W\x8b\xac\xa6\xa6\xda\x94`\x0c\xc9_\xcf\x17\x06J\xc0\
\xb8\xc8\xb6\xe7\x0b_*K\xd2E\xdf\xcd?\xb7\xd5\xf5\
\xae\xbb\xd9^\x9d/\xae\xaa\xfdv}\xff\xba(\x83\xd6\
:+\x95\xc2\x90\x15\xf4P\xd1\xd2\xd3(\x173\x07\xa5\
\x03\xc8\xac/\xbd\x0bg?\xf7\xf2\xf1z\xbd\xa7\xd5\xff\
\xb8k\xb7\x1fn\xab\xba\xfd\xdb\xf5\xc7]KS\xde\xed\
on\xb3\x9b\xae\xdb\xb5{Z\xcb\x22\xe3\xf7\xa2\xbe\xd9\
\xdc\xd0D^A\xed\xbb\x95Z,\x07\xb0R\x197D\
\xfa\xe0W\xed\x18\x09\xd6\x0e\x90\xaa\x89\xae\xa9\xc6Ht\
f\x88t\x15\xb4\xdd\x18\xa9=\x0e\x91P\x85n5F\
\x1a\x1f\x87\xc8j\xa2C\xefGC\xaf\xc60\x18`L\
\xd7\xa8N`\xcbc\xbb\xbf}\xd3n6\xeb\xdb]\x9b\
\x8c\xac{\x03\xd3\xa4\xbb\xf5fC6\xd8n^\xbf\x9a\
\xf6\x0b2\xd8\x96\xda\x90\xce\xb6\xd4\x04\xb9\xf3\xb9>\xb5\
J>U8\xeb\xd2\x80h\xc4\x9b \xd0\xb8}EI\
\x8eBoT\x09\xae\xc40\xedd{\x167\xd5\xbe}\
\xed\x82z\xa9\x07u]\x0bn\xc2/\x1c\xc6\x11\xb21\
\xe8&\x8c34v\xd7\xd4\x0d\xea10\xd8\xa1\x15\xbb\
\xb0\x8a\x10\x9f5d\xa7b\xad\xeaIC\xd6\xebm\xbd\
IvD3V\xeb3\xe6\x5c\x9dq\xa7\xb7\xd5\xfe\xb2\
\x87\xbe\x0a\xca\xae\x90\xa2\x9f\x8c\xf8\x17\xcd\xe6\xd09Y\
\xc2G\xa8\x0bU\x1a\x13\xa9\xb4\x0a\x0a(\x95\xb7$\xc7\
\x80${\xf9\xa2\xada\x90\xd3\x9eJ\xed#\x7f\x02\x96\
\x1d\xc9X*\x91#\x85>\xa3\xbc\xe2\xaeP1\xca\xa0\
\xb4\x08\x04\x02\xa7y\x1c+\xc3y\x8dT\xaa \x18o\
Dv\x04B\x00\x96\xdd\x86Kms*\x954\xb0\x0e\
\xf9\x85\xa7\xa44\xe3\x0dp[e\x8dL5\x8d\xac\xf0\
\x01\xd9Wk\x93Ku\x82\xd6\xdc\xa9+\xa4S\xee\xcd\
\xeb\x07\x19T\x90\xc1\x900\xc1p+\xe5rJg\x81\
\xe7\x00\x16r,-0P\x1b\x9d1\x06\x19\x0f^3\
Hk\x1e\xd1z\x02\x19\xc6\xf8`\x09\xe2\xbd\xe0\xa9-\
\x90b\xb9\x1f\xef\x1dA(]\xd1\x17\x0c<\x1d\xe7=\
}\xb7\xc8\x1f<\x0fHi\x94\xca\xa0<\x97 C\x81\
#\x08\xa2y\x98\xa5\xd5l\x1f\x90\xef.\xda:i\x9b\
\xab\xc5\x88&\xf2t\x00X3\xce\x89>\xbd~\x7fd\
\xf1\x9f\x9e\xf2\x0d\x80\x03\x12\xd99i8\xee\xc3\x93R\
h\x9b\xd0\xacJ\xe4j\x9ed!\x93\x94uhq\x1f\
^\x99Q\x81mB\xaa\x97\xb5\x16\xb2\xd6L\x14\x22\xce\
\x80\x0c\xb2\x81m\xe5\x00Eg\xc5Ag\x01\xd9<\x10\
Y!\xce1\x9c\xda&\xdd\x17\xa2{\x9eOZ\x13O\
G\x19\xd6\x87\x0e<\x1d\x15X\x8eF\x86R\xac\xad\x04\
\xeck\x8dLJ\x16AH\xf1\x16\xed\xc4\xe4\xe2\x04\x1e\
\x1fdP>\xb9\xc2{T9\x18\xf2n\x97\x5c\xd6\x8b\
\x8b9q\xd9(\x1d$\x8f\x15gI\xae\x9f\xbad\xbd\
\x18\xcbS@Z\x9b\xb8~\xfe\xb3\xeb\xf3g\xcd\x8e\xac\
\x03\xe4I\xbd\x12B\xb9\x84\x90\xc4\x19\xf2\x8b\xf6\xa2k\
\xcb3\x0bV\xa7`\xcc%\x18Sx\xc84Mr}\
\x082\x9c\xb2\xe2\x00Q<\x06%\x18\xc5\x97ux\x07\
\xd4\xbd\xb7lVG\xf5\xfcf<\xbf\x19 \xfd<6\
\xf9O\xa7d\xfezq\x94\xa04\xd0 (I\xca\xd2\
\x9a\xcc\x89\x19\xbc\x0c1\xceK\xe20\x0dK\x1foh\
\x80\xf5\xfe+\xef\x083\x13\xab\xee\xe7\xfc|^\xad\xcf\
NQO3P\x0f\x99\xbbW\x0e\xf2V\xf9B\x82\x04\
\xe4/\xe3\xbd(\x8et\x08\x9e~fR\x17\x8f\x92\xc0\
\xb7\xd7\xdc\x9c\xa5\xcc\x801\xd7\xaaV\xe4\xae\xde\xb1\xd3\
\xa2\x8e\x85\xe5\xdf\xae\xb0y\xff\x9aS\x18Kf$\xdf\
f\xc7\xa56\x14E\xf4M\x1a%Tn\xf9\x97\xedl\
\xd1\xbf\x16\xf6\x9d\xf4-\xf0$q\x07\x22\x9d\xe4\x8em\
OD\x22y\x1f\xf3/V:\xc4\xc4\xefH\x13\xbat\
V?\xc5n)\xba\x98\xdd2\xaf\xa6p3\x19X\xce\
\xa1>\xe3@\x84S\xf9\x08\x05\xda\x90\xaa\xd6u$\xc6\
\xfc\xac7\xf7\xb0Y\xde<\xcb\x82\xed\xc1\x82&\xd7\xbe\
.L\xda\xb3\xc8t\xa6\xf4\xb6\x7f\xec(g\xd0\xee\xe3\
J\xb6\x0e\x95d\x1e\x91\xb9\xfc\x80A\x9aP\xce\x91.\
\xc4(t\x18i\xab\xed\xf3F\xe9\xe8p\x03\x14\x04\xe4\
\xfc\xcc\xc8\xef\x91dO\x8c\x83\xe4\xaf\xfc\xdd\xd3\x13\xd3\
\xf34\xfd\xd2\xd6=P\x5ct\xa1\xf38uh\x08\x03\
$mwM\xf4\x13\xc88D\xd6U\xedV~\xeax\
\xa1\x07\xc8\xa6iV\xcd\xc4\xe8\x08Cd[\xb7\xabv\
\x82pb\x18%6\xdf\xb9\xceL\x1cD\x9c\x1eqS\
\xfa\xd5c\xa4\x1d\xa5\xca\x89c\x08Q\xbb\x99\xddy\x88\
3\xa7H\xc7\xb2\x99\xcb\x0e\xc6\xcfTeT8\xd3<\
\xd1\xe2<\x93\x7f\xdb\x87\x96\xc7\x1e>3\xd6\xbaC\xac\
\x89\xbf\xe7\x18.\x1d\xedkic\x8f\xbc\x8dS\xda\xa6\
\x92\x86)\xb0\xd0\x1c\x07\x05~@J0Df\x90\xa0\
D\xe5\x1e\x9a\x9e\x14g\x17)\xce\xb4.\xfb(K\x12\
\xc7\x18\xdb\x8cc\xcc0m\xc3\xff\xd6\xc9\x5c\x0f5\xae\
c4\xf5T8\xfaa\x90\xd9\xa6\xea\x9a0\x11d8\
<X\xf9\xaa\xd6m\x9c@\xfa\xa1!C\xdb`g\xa7\
\xc2q\xe8m\xb1jV]3u/0\x0c\xb2\xd86\
\xedT\xfch7\x5c\xbb\xb7\x87#\xfa\xe0^\xc0\x0c\xe3\
\xc7\x06R\xe8\x14r\x94\x8aLS\xeb\xc9\xe8\x8dv\xce\
]C\x08\xa3+\x09\x15Wmx6$\xfa\xde~Y\
<\x5c\x9c\x1d\xce\x9c\xb9A&\x07\xbc\x99*f\xb5\xe4\
\x1e\xc4\x00\xa2K\xe2\x07\xad\x08\x90K\xb9\xd3\xc4$(\
V\x08_\x84\xc2\x14\xa0\xa4\xd8P\xc1=\xd0\x06\xa5\xe9\
/\xc0;\x1dxO\x92\xaeSy\x12]\xb8\xec\xe9Y\
\xe4\xe3\xd2\x03\x83\x15m\xf21\x9b\xb9\xf6\xd3tA\x98\
\x02\x11\xfc\xe8=\x09\x85\xf6\xb4\x1a<\x99'h\xef\xa6\
\xddl\x8a\x00\x0c\x92\xfb(oO7-'o7\xec\
\xfca\x7f\x19\xef\xb8\xfc\xf5m\xff\x88\xddk\xcb\xf9O\
.N\x0e\xc4\xbb|\xa0\xf8\xaf\x10\xf87<\x09\xf7_\
S\x06\x0f\xc4\x01\x91\xb3q\xd4Q\xc6&R('T\
>Hj\xe2\xf0\xfd\xa1r'r\xfe\xe8{\x927|\
g\x22\xa7[\xcb\xc7RY\xbewL{!X\xca\xfd\
\x14\x90I\xde\xa5\x97\xfcQE\x92\xdf\x1f\xcda\xb8@\
\xaa\x9c\xb5\xc0\xb9\xf1\xb0\xee\xef\x865\xe5]<\x5c\x1d\
\x96\xf6\x10\x0f\x14%\xe1\xa9p\xa0\x95\x07o{\xf6L\
\x11e\xb2\xc2\xdb2\xb8\xac\xb0\xcc\xab^z\x9f\xf7\x8d\
\xdc\x0b/p\xe2\xe3\xcbR:\xdd\xc7\x87Uk7\xe3\
\x96m\xdd_\x9a\xd2\xc1\xc2\xf7\x17\xa7\xbc\x91\xbbS\x94\
\xfe\xe9e\x17\xf2\x8f\xef\xe3\x8f\xaf\xe3\x0b\xd0\xdf\xef\xe3\
\x7fS\xf7\xf1`\xe7\xdf\xc7\x7f\x9a\xb8\x8f\x9f\xcb\x04?\
\x9f\xce\x04'\xfe\xa5'\xedn\xc0\xff\xc2\xa4\xce\xbes\
\xc6\xef\x9c\xf1\xd7\xe3\x8c\x9f{\xde\x00\xd8\xf3\x86\xfc\x11\
o\xc8\x1f\xf1\x06\x08\xbc\xfbKI{hA{gO\
\x1cr\xe6\x0cRl\x8a\x9e9\x08\xad\x10\xe6@5\xc4\
\x1c\xa4\xf3T\x9e\xc4\x1a7/d\x8d\xc5\x11m\xa4\xe8\
\xfa\xce\x1bG*\xfe-\xdb\xff\xeae,\xa9\x18\xd3$\
@\xfd\x7fC\x93\xc0\x94\x91\xd3\xe6)4\xe9\xea\x09\x9a\
tq\xc4h!\xbe\x8c\xb2\x03\xfe\xef)\xfb\xd1\x1c\x86\
\x94\x9d*g-pIz\xe1\xff\x18\xf2\xf6?E\x03\
\xb9E\
\x00\x00\x01\x86\
<\
svg xmlns=\x22http:\
//www.w3.org/200\
0/svg\x22 xmlns:xli\
nk=\x22http://www.w\
3.org/1999/xlink\
\x22 viewBox=\x220 0 2\
4 24\x22 fill=\x22#FFF\
FFF\x22>\x0a  <path d=\
\x22M5.7070312 4.29\
29688L4.2929688 \
5.7070312L10.585\
938 12L4.2929688\
 18.292969L5.707\
0312 19.707031L1\
2 13.414062L18.2\
92969 19.707031L\
19.707031 18.292\
969L13.414062 12\
L19.707031 5.707\
0312L18.292969 4\
.2929688L12 10.5\
85938L5.7070312 \
4.2929688 z\x22 fil\
l=\x22#FFFFFF\x22 />\x0a<\
/svg>\
\x00\x00\x01y\
<\
svg xmlns=\x22http:\
//www.w3.org/200\
0/svg\x22 xmlns:xli\
nk=\x22http://www.w\
3.org/1999/xlink\
\x22 viewBox=\x220 0 2\
6 26\x22 fill=\x22#FFF\
FFF\x22>\x0a  <path d=\
\x22M4 4C2.898438 4\
 2 4.898438 2 6L\
2 17L4 15L4 8L23\
 8L23 20L9 20L7 \
22L23 22C24.1015\
63 22 25 21.1015\
63 25 20L25 6C25\
 4.898438 24.101\
563 4 23 4 Z M 6\
 13L7.8125 14.81\
25L1.03125 21.56\
25L2.4375 22.968\
75L9.1875 16.187\
5L11 18L11 13Z\x22 \
fill=\x22#FFFFFF\x22 /\
>\x0a</svg>\
\x00\x00\x08\x1c\
<\
svg xmlns=\x22http:\
//www.w3.org/200\
0/svg\x22 xmlns:xli\
nk=\x22http://www.w\
3.org/1999/xlink\
\x22 viewBox=\x220 0 2\
6 26\x22 fill=\x22#FFF\
FFF\x22>\x0a  <path d=\
\x22M12.087891 0.00\
5859375C11.52539\
1 0.068609375 11\
.000781 0.571890\
63 10.800781 1.2\
753906C10.500781\
 2.2813906 9.399\
2188 2.1800781 8\
.1992188 2.08007\
81C6.8992188 1.7\
780781 6.7992187\
 2.5827188 7.199\
2188 3.3867188C7\
.4992188 3.78771\
87 8.5003906 6.8\
038125 8.9003906\
 7.5078125C9.200\
3906 8.1108125 1\
1.400391 8.41210\
94 12.400391 8.4\
121094C13.400391\
 8.4121094 15.6 \
7.9098594 15.5 7\
.0058594C15.4 5.\
2968594 16.49921\
9 2.7844219 16.6\
99219 2.4824219C\
17.099219 1.8794\
219 17.100391 0.\
57278125 15.4003\
91 1.1757812C15.\
000391 1.2767813\
 13.999609 2.582\
9531 13.599609 1\
.3769531C13.2496\
09 0.32145312 12\
.650391 -0.05689\
0625 12.087891 0\
.005859375 z M 1\
6.199219 8.61132\
81C15.999219 8.5\
113281 15.6 9.71\
83594 12.5 9.818\
3594C9.7 9.91835\
94 8.9007812 8.9\
121094 8.8007812\
 8.9121094C4.700\
7812 10.320109 1\
 14.642844 1 18.\
964844C1 24.4918\
44 4.3 26 13 26C\
21.7 26 25 24.29\
0281 25 18.86328\
1C25 14.240281 2\
0.599219 9.81832\
81 16.199219 8.6\
113281 z M 13.47\
6562 13C13.72056\
2 13 13.966937 1\
3.025453 14.2109\
38 13.064453C14.\
454937 13.090453\
 14.727 13.14203\
1 15 13.207031L1\
4.855469 14.7578\
12C14.639469 14.\
679813 14.411641\
 14.626891 14.18\
1641 14.587891C1\
3.951641 14.5358\
91 13.706563 14.\
523437 13.476562\
 14.523438C13.03\
1562 14.523438 1\
2.701031 14.6929\
22 12.457031 15.\
044922C12.261031\
 15.326922 12.09\
1297 15.644 12.0\
29297 16L14 16L1\
4 17L12 17L12 18\
L14 18L14 19L12.\
009766 19C12.032\
766 19.397 12.22\
7031 19.739203 1\
2.457031 20.0332\
03C12.701031 20.\
332203 13.045563\
 20.490234 13.47\
6562 20.490234C1\
3.720562 20.4902\
34 13.951641 20.\
4765 14.181641 2\
0.4375C14.411641\
 20.3985 14.6404\
69 20.347531 14.\
855469 20.269531\
L15 21.804688C14\
.756 21.869688 1\
4.511906 21.9212\
66 14.253906 21.\
947266C13.994906\
 21.986266 13.73\
5563 22 13.47656\
2 22C12.442562 2\
2 11.594891 21.7\
14234 10.962891 \
21.115234C10.334\
891 20.534234 10\
.025812 19.827 1\
0.007812 19L9 19\
L9 18L10 18L10 1\
7L9 17L9 16L10.0\
25391 16C10.0853\
91 15.213 10.382\
266 14.533844 10\
.947266 13.96484\
4C11.594266 13.3\
26844 12.427563 \
13 13.476562 13 \
z\x22 fill=\x22#FFFFFF\
\x22 />\x0a</svg>\
\x00\x00\x08\x1c\
<\
svg xmlns=\x22http:\
//www.w3.org/200\
0/svg\x22 xmlns:xli\
nk=\x22http://www.w\
3.org/1999/xlink\
\x22 viewBox=\x220 0 2\
6 26\x22 fill=\x22#FFF\
FFF\x22>\x0a  <path d=\
\x22M12.087891 0.00\
5859375C11.52539\
1 0.068609375 11\
.000781 0.571890\
63 10.800781 1.2\
753906C10.500781\
 2.2813906 9.399\
2188 2.1800781 8\
.1992188 2.08007\
81C6.8992188 1.7\
780781 6.7992187\
 2.5827188 7.199\
2188 3.3867188C7\
.4992188 3.78771\
87 8.5003906 6.8\
038125 8.9003906\
 7.5078125C9.200\
3906 8.1108125 1\
1.400391 8.41210\
94 12.400391 8.4\
121094C13.400391\
 8.4121094 15.6 \
7.9098594 15.5 7\
.0058594C15.4 5.\
2968594 16.49921\
9 2.7844219 16.6\
99219 2.4824219C\
17.099219 1.8794\
219 17.100391 0.\
57278125 15.4003\
91 1.1757812C15.\
000391 1.2767813\
 13.999609 2.582\
9531 13.599609 1\
.3769531C13.2496\
09 0.32145312 12\
.650391 -0.05689\
0625 12.087891 0\
.005859375 z M 1\
6.199219 8.61132\
81C15.999219 8.5\
113281 15.6 9.71\
83594 12.5 9.818\
3594C9.7 9.91835\
94 8.9007812 8.9\
121094 8.8007812\
 8.9121094C4.700\
7812 10.320109 1\
 14.642844 1 18.\
964844C1 24.4918\
44 4.3 26 13 26C\
21.7 26 25 24.29\
0281 25 18.86328\
1C25 14.240281 2\
0.599219 9.81832\
81 16.199219 8.6\
113281 z M 13.47\
6562 13C13.72056\
2 13 13.966937 1\
3.025453 14.2109\
38 13.064453C14.\
454937 13.090453\
 14.727 13.14203\
1 15 13.207031L1\
4.855469 14.7578\
12C14.639469 14.\
679813 14.411641\
 14.626891 14.18\
1641 14.587891C1\
3.951641 14.5358\
91 13.706563 14.\
523437 13.476562\
 14.523438C13.03\
1562 14.523438 1\
2.701031 14.6929\
22 12.457031 15.\
044922C12.261031\
 15.326922 12.09\
1297 15.644 12.0\
29297 16L14 16L1\
4 17L12 17L12 18\
L14 18L14 19L12.\
009766 19C12.032\
766 19.397 12.22\
7031 19.739203 1\
2.457031 20.0332\
03C12.701031 20.\
332203 13.045563\
 20.490234 13.47\
6562 20.490234C1\
3.720562 20.4902\
34 13.951641 20.\
4765 14.181641 2\
0.4375C14.411641\
 20.3985 14.6404\
69 20.347531 14.\
855469 20.269531\
L15 21.804688C14\
.756 21.869688 1\
4.511906 21.9212\
66 14.253906 21.\
947266C13.994906\
 21.986266 13.73\
5563 22 13.47656\
2 22C12.442562 2\
2 11.594891 21.7\
14234 10.962891 \
21.115234C10.334\
891 20.534234 10\
.025812 19.827 1\
0.007812 19L9 19\
L9 18L10 18L10 1\
7L9 17L9 16L10.0\
25391 16C10.0853\
91 15.213 10.382\
266 14.533844 10\
.947266 13.96484\
4C11.594266 13.3\
26844 12.427563 \
13 13.476562 13 \
z\x22 fill=\x22#FFFFFF\
\x22 />\x0a</svg>\
\x00\x00\x09v\
<\
svg xmlns=\x22http:\
//www.w3.org/200\
0/svg\x22 xmlns:xli\
nk=\x22http://www.w\
3.org/1999/xlink\
\x22 viewBox=\x220 0 4\
8 48\x22><radialGra\
dient id=\x22vGlAkb\
i6IlCXWth5LaMyZa\
\x22 cx=\x2224\x22 cy=\x2224\
\x22 r=\x2218\x22 fx=\x2223.\
905\x22 fy=\x2216.289\x22\
 gradientUnits=\x22\
userSpaceOnUse\x22>\
<stop offset=\x220\x22\
 stop-color=\x22#ff\
e16e\x22/><stop off\
set=\x22.629\x22 stop-\
color=\x22#ffd226\x22/\
><stop offset=\x22.\
75\x22 stop-color=\x22\
#fdcd23\x22/><stop \
offset=\x22.899\x22 st\
op-color=\x22#f6bd1\
b\x22/><stop offset\
=\x22.999\x22 stop-col\
or=\x22#f0af13\x22/></\
radialGradient><\
circle cx=\x2224\x22 c\
y=\x2224\x22 r=\x2218\x22 fi\
ll=\x22url(#vGlAkbi\
6IlCXWth5LaMyZa)\
\x22/><radialGradie\
nt id=\x22vGlAkbi6I\
lCXWth5LaMyZb\x22 c\
x=\x2224.303\x22 cy=\x222\
7.049\x22 r=\x228.559\x22\
 gradientTransfo\
rm=\x22rotate(-20.3\
31 23.997 24)\x22 g\
radientUnits=\x22us\
erSpaceOnUse\x22><s\
top offset=\x22.819\
\x22 stop-color=\x22#c\
c9000\x22/><stop of\
fset=\x22.988\x22 stop\
-color=\x22#fbbc23\x22\
 stop-opacity=\x22.\
069\x22/><stop offs\
et=\x221\x22 stop-colo\
r=\x22#ffbf26\x22 stop\
-opacity=\x220\x22/></\
radialGradient><\
path fill=\x22url(#\
vGlAkbi6IlCXWth5\
LaMyZb)\x22 d=\x22M21,\
34c0,0,1.495,2,5\
.039,2C33.858,36\
,34,27,34,27S31.\
481,34,21,34z\x22/>\
<circle cx=\x2218\x22 \
cy=\x2221\x22 r=\x224\x22 fi\
ll=\x22#fff\x22/><circ\
le cx=\x2218\x22 cy=\x222\
1\x22 r=\x222\x22 fill=\x22#\
212121\x22/><radial\
Gradient id=\x22vGl\
Akbi6IlCXWth5LaM\
yZc\x22 cx=\x2224.742\x22\
 cy=\x2229.62\x22 r=\x226\
.904\x22 gradientTr\
ansform=\x22matrix(\
.9377 -.3474 .13\
04 .352 -.416 27\
.18)\x22 gradientUn\
its=\x22userSpaceOn\
Use\x22><stop offse\
t=\x220\x22 stop-color\
=\x22#1c1911\x22/><sto\
p offset=\x22.999\x22 \
stop-color=\x22#171\
714\x22/></radialGr\
adient><path fil\
l=\x22url(#vGlAkbi6\
IlCXWth5LaMyZc)\x22\
 d=\x22M32.139,26.1\
51l0.797,0.596c0\
,0-3.532,6.253-1\
1.936,6.253v-2C2\
8.99,31,32.139,2\
6.151,32.139,26.\
151z\x22/><radialGr\
adient id=\x22vGlAk\
bi6IlCXWth5LaMyZ\
d\x22 cx=\x2221\x22 cy=\x223\
1.441\x22 r=\x221.771\x22\
 gradientTransfo\
rm=\x22matrix(.9377\
 -.3474 .1304 .3\
52 -2.792 27.669\
)\x22 gradientUnits\
=\x22userSpaceOnUse\
\x22><stop offset=\x22\
0\x22 stop-color=\x22#\
1c1911\x22/><stop o\
ffset=\x22.999\x22 sto\
p-color=\x22#171714\
\x22/></radialGradi\
ent><circle cx=\x22\
21\x22 cy=\x2232\x22 r=\x221\
\x22 fill=\x22url(#vGl\
Akbi6IlCXWth5LaM\
yZd)\x22/><radialGr\
adient id=\x22vGlAk\
bi6IlCXWth5LaMyZ\
e\x22 cx=\x2232.5\x22 cy=\
\x2226.22\x22 r=\x22.885\x22\
 gradientTransfo\
rm=\x22matrix(.9377\
 -.3474 .1304 .3\
52 -1.395 28.28)\
\x22 gradientUnits=\
\x22userSpaceOnUse\x22\
><stop offset=\x220\
\x22 stop-color=\x22#1\
c1911\x22/><stop of\
fset=\x22.999\x22 stop\
-color=\x22#171714\x22\
/></radialGradie\
nt><circle cx=\x223\
2.5\x22 cy=\x2226.5\x22 r\
=\x22.5\x22 fill=\x22url(\
#vGlAkbi6IlCXWth\
5LaMyZe)\x22/><circ\
le cx=\x2234.5\x22 cy=\
\x2221.5\x22 r=\x22.5\x22 fi\
ll=\x22#212121\x22/><p\
ath fill=\x22#21212\
1\x22 d=\x22M27.742,21\
.939c0,0,1.726-0\
.944,3.258-0.944\
s3.258,0.944,3.2\
58,0.944l0.631-0\
.754 c0,0-1.765-\
2.185-3.889-2.18\
5s-3.889,2.185-3\
.889,2.185L27.74\
2,21.939z\x22/><cir\
cle cx=\x2227.5\x22 cy\
=\x2221.5\x22 r=\x22.5\x22 f\
ill=\x22#212121\x22/><\
/svg>\
\x00\x00\x09v\
<\
svg xmlns=\x22http:\
//www.w3.org/200\
0/svg\x22 xmlns:xli\
nk=\x22http://www.w\
3.org/1999/xlink\
\x22 viewBox=\x220 0 4\
8 48\x22><radialGra\
dient id=\x22vGlAkb\
i6IlCXWth5LaMyZa\
\x22 cx=\x2224\x22 cy=\x2224\
\x22 r=\x2218\x22 fx=\x2223.\
905\x22 fy=\x2216.289\x22\
 gradientUnits=\x22\
userSpaceOnUse\x22>\
<stop offset=\x220\x22\
 stop-color=\x22#ff\
e16e\x22/><stop off\
set=\x22.629\x22 stop-\
color=\x22#ffd226\x22/\
><stop offset=\x22.\
75\x22 stop-color=\x22\
#fdcd23\x22/><stop \
offset=\x22.899\x22 st\
op-color=\x22#f6bd1\
b\x22/><stop offset\
=\x22.999\x22 stop-col\
or=\x22#f0af13\x22/></\
radialGradient><\
circle cx=\x2224\x22 c\
y=\x2224\x22 r=\x2218\x22 fi\
ll=\x22url(#vGlAkbi\
6IlCXWth5LaMyZa)\
\x22/><radialGradie\
nt id=\x22vGlAkbi6I\
lCXWth5LaMyZb\x22 c\
x=\x2224.303\x22 cy=\x222\
7.049\x22 r=\x228.559\x22\
 gradientTransfo\
rm=\x22rotate(-20.3\
31 23.997 24)\x22 g\
radientUnits=\x22us\
erSpaceOnUse\x22><s\
top offset=\x22.819\
\x22 stop-color=\x22#c\
c9000\x22/><stop of\
fset=\x22.988\x22 stop\
-color=\x22#fbbc23\x22\
 stop-opacity=\x22.\
069\x22/><stop offs\
et=\x221\x22 stop-colo\
r=\x22#ffbf26\x22 stop\
-opacity=\x220\x22/></\
radialGradient><\
path fill=\x22url(#\
vGlAkbi6IlCXWth5\
LaMyZb)\x22 d=\x22M21,\
34c0,0,1.495,2,5\
.039,2C33.858,36\
,34,27,34,27S31.\
481,34,21,34z\x22/>\
<circle cx=\x2218\x22 \
cy=\x2221\x22 r=\x224\x22 fi\
ll=\x22#fff\x22/><circ\
le cx=\x2218\x22 cy=\x222\
1\x22 r=\x222\x22 fill=\x22#\
212121\x22/><radial\
Gradient id=\x22vGl\
Akbi6IlCXWth5LaM\
yZc\x22 cx=\x2224.742\x22\
 cy=\x2229.62\x22 r=\x226\
.904\x22 gradientTr\
ansform=\x22matrix(\
.9377 -.3474 .13\
04 .352 -.416 27\
.18)\x22 gradientUn\
its=\x22userSpaceOn\
Use\x22><stop offse\
t=\x220\x22 stop-color\
=\x22#1c1911\x22/><sto\
p offset=\x22.999\x22 \
stop-color=\x22#171\
714\x22/></radialGr\
adient><path fil\
l=\x22url(#vGlAkbi6\
IlCXWth5LaMyZc)\x22\
 d=\x22M32.139,26.1\
51l0.797,0.596c0\
,0-3.532,6.253-1\
1.936,6.253v-2C2\
8.99,31,32.139,2\
6.151,32.139,26.\
151z\x22/><radialGr\
adient id=\x22vGlAk\
bi6IlCXWth5LaMyZ\
d\x22 cx=\x2221\x22 cy=\x223\
1.441\x22 r=\x221.771\x22\
 gradientTransfo\
rm=\x22matrix(.9377\
 -.3474 .1304 .3\
52 -2.792 27.669\
)\x22 gradientUnits\
=\x22userSpaceOnUse\
\x22><stop offset=\x22\
0\x22 stop-color=\x22#\
1c1911\x22/><stop o\
ffset=\x22.999\x22 sto\
p-color=\x22#171714\
\x22/></radialGradi\
ent><circle cx=\x22\
21\x22 cy=\x2232\x22 r=\x221\
\x22 fill=\x22url(#vGl\
Akbi6IlCXWth5LaM\
yZd)\x22/><radialGr\
adient id=\x22vGlAk\
bi6IlCXWth5LaMyZ\
e\x22 cx=\x2232.5\x22 cy=\
\x2226.22\x22 r=\x22.885\x22\
 gradientTransfo\
rm=\x22matrix(.9377\
 -.3474 .1304 .3\
52 -1.395 28.28)\
\x22 gradientUnits=\
\x22userSpaceOnUse\x22\
><stop offset=\x220\
\x22 stop-color=\x22#1\
c1911\x22/><stop of\
fset=\x22.999\x22 stop\
-color=\x22#171714\x22\
/></radialGradie\
nt><circle cx=\x223\
2.5\x22 cy=\x2226.5\x22 r\
=\x22.5\x22 fill=\x22url(\
#vGlAkbi6IlCXWth\
5LaMyZe)\x22/><circ\
le cx=\x2234.5\x22 cy=\
\x2221.5\x22 r=\x22.5\x22 fi\
ll=\x22#212121\x22/><p\
ath fill=\x22#21212\
1\x22 d=\x22M27.742,21\
.939c0,0,1.726-0\
.944,3.258-0.944\
s3.258,0.944,3.2\
58,0.944l0.631-0\
.754 c0,0-1.765-\
2.185-3.889-2.18\
5s-3.889,2.185-3\
.889,2.185L27.74\
2,21.939z\x22/><cir\
cle cx=\x2227.5\x22 cy\
=\x2221.5\x22 r=\x22.5\x22 f\
ill=\x22#212121\x22/><\
/svg>\
\x00\x00\x02'\
<\
svg xmlns=\x22http:\
//www.w3.org/200\
0/svg\x22 xmlns:xli\
nk=\x22http://www.w\
3.org/1999/xlink\
\x22 viewBox=\x220 0 2\
4 24\x22 fill=\x22#FFF\
FFF\x22>\x0a  <path d=\
\x22M11 3C10.448 3 \
10 3.448 10 4L10\
 6C10 6.552 10.4\
48 7 11 7L13 7C1\
3.552 7 14 6.552\
 14 6L14 4C14 3.\
448 13.552 3 13 \
3L11 3 z M 11 10\
C10.448 10 10 10\
.448 10 11L10 13\
C10 13.552 10.44\
8 14 11 14L13 14\
C13.552 14 14 13\
.552 14 13L14 11\
C14 10.448 13.55\
2 10 13 10L11 10\
 z M 11 17C10.44\
8 17 10 17.448 1\
0 18L10 20C10 20\
.552 10.448 21 1\
1 21L13 21C13.55\
2 21 14 20.552 1\
4 20L14 18C14 17\
.448 13.552 17 1\
3 17L11 17 z\x22 fi\
ll=\x22#FFFFFF\x22 />\x0a\
</svg>\
\x00\x00\x02j\
<\
svg xmlns=\x22http:\
//www.w3.org/200\
0/svg\x22 xmlns:xli\
nk=\x22http://www.w\
3.org/1999/xlink\
\x22 viewBox=\x220 0 2\
6 26\x22 fill=\x22#FFF\
FFF\x22>\x0a  <path d=\
\x22M13 0C12.398438\
 0 12 0.398438 1\
2 1L12 2.09375C9\
.167969 2.570313\
 7 5.035156 7 8L\
7 13C7 13.800781\
 2 17.800781 2 1\
9C2 20.699219 6.\
398438 22 13 22C\
19.601563 22 24 \
20.699219 24 19C\
24 17.800781 19 \
13.800781 19 13L\
19 8C19 5.035156\
 16.832031 2.570\
313 14 2.09375L1\
4 1C14 0.398438 \
13.601563 0 13 0\
 Z M 11.3125 23.\
09375C11.113281 \
23.394531 11 23.\
601563 11 24C11 \
25.101563 11.898\
438 26 13 26C14.\
101563 26 15 25.\
101563 15 24C15 \
23.601563 14.886\
719 23.394531 14\
.6875 23.09375Z\x22\
 fill=\x22#FFFFFF\x22 \
/>\x0a</svg>\
\x00\x00\x02j\
<\
svg xmlns=\x22http:\
//www.w3.org/200\
0/svg\x22 xmlns:xli\
nk=\x22http://www.w\
3.org/1999/xlink\
\x22 viewBox=\x220 0 2\
6 26\x22 fill=\x22#FFF\
FFF\x22>\x0a  <path d=\
\x22M13 0C12.398438\
 0 12 0.398438 1\
2 1L12 2.09375C9\
.167969 2.570313\
 7 5.035156 7 8L\
7 13C7 13.800781\
 2 17.800781 2 1\
9C2 20.699219 6.\
398438 22 13 22C\
19.601563 22 24 \
20.699219 24 19C\
24 17.800781 19 \
13.800781 19 13L\
19 8C19 5.035156\
 16.832031 2.570\
313 14 2.09375L1\
4 1C14 0.398438 \
13.601563 0 13 0\
 Z M 11.3125 23.\
09375C11.113281 \
23.394531 11 23.\
601563 11 24C11 \
25.101563 11.898\
438 26 13 26C14.\
101563 26 15 25.\
101563 15 24C15 \
23.601563 14.886\
719 23.394531 14\
.6875 23.09375Z\x22\
 fill=\x22#FFFFFF\x22 \
/>\x0a</svg>\
\x00\x00\x06Q\
<\
?xml version=\x221.\
0\x22 standalone=\x22n\
o\x22?><!DOCTYPE sv\
g PUBLIC \x22-//W3C\
//DTD SVG 1.1//E\
N\x22 \x22http://www.w\
3.org/Graphics/S\
VG/1.1/DTD/svg11\
.dtd\x22><svg t=\x2217\
56946547682\x22 cla\
ss=\x22icon\x22 viewBo\
x=\x220 0 1220 1024\
\x22 version=\x221.1\x22 \
xmlns=\x22http://ww\
w.w3.org/2000/sv\
g\x22 p-id=\x222840\x22 x\
mlns:xlink=\x22http\
://www.w3.org/19\
99/xlink\x22 width=\
\x2276.25\x22 height=\x22\
64\x22><path d=\x22M60\
0.989176 0C569.5\
13691 0 543.9684\
67 25.485345 543\
.932546 56.92383\
5L543.36707 551.\
314562C494.33908\
8 505.555172 396\
.403891 414.1489\
01 396.403891 41\
4.148901 373.434\
921 392.711249 3\
37.436282 393.95\
2581 315.998598 \
416.921502 294.5\
60914 439.890424\
 295.80223 475.8\
89079 318.7712 4\
97.326746L550.65\
6163 713.752787C\
579.096218 740.2\
96737 623.672401\
 740.320516 652.\
137813 713.75278\
7L884.022938 497\
.326746C906.9917\
46 475.889079 90\
8.233224 439.890\
424 886.79554 41\
6.921502 865.357\
857 393.952581 8\
29.359218 392.71\
1249 806.390248 \
414.148901 806.3\
90248 414.148901\
 706.630217 507.\
258214 656.66048\
 553.896732L656.\
66048 56.931799C\
656.66048 25.489\
245 631.095426 0\
 599.668866 0L60\
0.989176 0 600.9\
89176 0 600.9891\
76 0ZM113.777778\
 902.095238 113.\
777778 520.12698\
4C113.777778 488\
.708112 88.30781\
 463.238095 56.8\
88889 463.238095\
 25.469968 463.2\
38095 0 488.7081\
12 0 520.126984L\
0 934.565758C0 9\
79.470515 36.483\
657 1015.873016 \
81.402961 1015.8\
73016L1137.64465\
8 1015.873016C11\
82.602159 1015.8\
73016 1219.04761\
9 979.419624 121\
9.047619 934.565\
758L1219.047619 \
520.126984C1219.\
047619 488.70811\
2 1193.577651 46\
3.238095 1162.15\
873 463.238095 1\
130.73981 463.23\
8095 1105.269841\
 488.708112 1105\
.269841 520.1269\
84L1105.269841 9\
02.095238 113.77\
7778 902.095238 \
113.777778 902.0\
95238Z\x22 fill=\x22#f\
fffff\x22 p-id=\x22284\
1\x22></path></svg>\
\
\x00\x00\x00\xf1\
<\
svg xmlns=\x22http:\
//www.w3.org/200\
0/svg\x22 xmlns:xli\
nk=\x22http://www.w\
3.org/1999/xlink\
\x22 viewBox=\x220 0 2\
4 24\x22 fill=\x22#FFF\
FFF\x22>\x0a  <path d=\
\x22M12 2.0996094L1\
 12L4 12L4 21L10\
 21L10 15L14 15L\
14 21L20 21L20 1\
2L23 12L12 2.099\
6094 z\x22 fill=\x22#F\
FFFFF\x22 />\x0a</svg>\
\
\x00\x00\x00\xf1\
<\
svg xmlns=\x22http:\
//www.w3.org/200\
0/svg\x22 xmlns:xli\
nk=\x22http://www.w\
3.org/1999/xlink\
\x22 viewBox=\x220 0 2\
4 24\x22 fill=\x22#FFF\
FFF\x22>\x0a  <path d=\
\x22M12 2.0996094L1\
 12L4 12L4 21L10\
 21L10 15L14 15L\
14 21L20 21L20 1\
2L23 12L12 2.099\
6094 z\x22 fill=\x22#F\
FFFFF\x22 />\x0a</svg>\
\
\x00\x00\x00\xb9\
<\
svg xmlns=\x22http:\
//www.w3.org/200\
0/svg\x22 xmlns:xli\
nk=\x22http://www.w\
3.org/1999/xlink\
\x22 viewBox=\x220 0 2\
4 24\x22 fill=\x22#FFF\
FFF\x22>\x0a  <path d=\
\x22M3 11L3 13L21 1\
3L21 11L3 11 z\x22 \
fill=\x22#FFFFFF\x22 /\
>\x0a</svg>\
\x00\x00\x06\xa6\
<\
svg xmlns=\x22http:\
//www.w3.org/200\
0/svg\x22 xmlns:xli\
nk=\x22http://www.w\
3.org/1999/xlink\
\x22 viewBox=\x220 0 2\
6 26\x22 fill=\x22#FFF\
FFF\x22>\x0a  <path d=\
\x22M21.25 0C20.351\
563 0.128906 19.\
546875 0.546875 \
18.90625 1.1875L\
17.28125 2.78125\
L18.71875 4.2187\
5L20.3125 2.5937\
5C20.671875 2.23\
4375 21.027344 2\
.070313 21.53125\
 2L26 2L26 0 Z M\
 13.09375 2.7812\
5C12.667969 2.78\
125 12.257813 2.\
960938 11.90625 \
3.3125L9.90625 5\
.3125C9.507813 5\
.710938 9.507813\
 6.195313 9.9062\
5 6.59375L16.906\
25 13.59375C17.3\
04688 13.992188 \
17.90625 13.9921\
88 18.40625 13.5\
9375L18.90625 13\
.09375C19.207031\
 12.894531 19.40\
625 12.492188 19\
.40625 12.09375L\
18.90625 8.6875C\
18.90625 8.1875 \
18.804688 7.8046\
88 18.40625 7.40\
625L17.90625 6.9\
0625L18.40625 5.\
3125L16.3125 3.1\
875L14.6875 3.68\
75L14.3125 3.312\
5C13.960938 2.96\
0938 13.519531 2\
.78125 13.09375 \
2.78125 Z M 9 7.\
3125L2.59375 13.\
6875L7.6875 18.8\
125C8.585938 19.\
710938 10.007813\
 19.710938 10.90\
625 18.8125L15.6\
875 14 Z M 10.06\
25 11.3125C10.61\
3281 11.3125 11.\
144531 11.550781\
 11.59375 12L13.\
09375 13.5C13.39\
4531 13.800781 1\
3.394531 14.2929\
69 13.09375 14.5\
9375L10.3125 17.\
40625C9.710938 1\
8.007813 8.90625\
 18.007813 8.406\
25 17.40625L6.31\
25 15.3125C6.011\
719 15.011719 6.\
011719 14.488281\
 6.3125 14.1875L\
8.5 12C8.949219 \
11.550781 9.5117\
19 11.3125 10.06\
25 11.3125 Z M 1\
0.84375 12.875C1\
0.644531 12.875 \
10.460938 12.945\
313 10.3125 13.0\
9375C9.511719 13\
.894531 8.5 14.8\
04688 8.5 14.906\
25C10 14.304688 \
11.09375 13.9062\
5 12.09375 13.90\
625L11.40625 13.\
09375C11.257813 \
12.945313 11.042\
969 12.875 10.84\
375 12.875 Z M 2\
.125 15.0625C0.8\
125 16.253906 0 \
18.027344 0 20C0\
 22.449219 1.281\
25 24.546875 3.1\
25 25.8125L4.281\
25 24.1875C2.925\
781 23.253906 2 \
21.75 2 20C2 18.\
574219 2.582031 \
17.339844 3.4687\
5 16.53125Z\x22 fil\
l=\x22#FFFFFF\x22 />\x0a<\
/svg>\
\x00\x00\x06\xa6\
<\
svg xmlns=\x22http:\
//www.w3.org/200\
0/svg\x22 xmlns:xli\
nk=\x22http://www.w\
3.org/1999/xlink\
\x22 viewBox=\x220 0 2\
6 26\x22 fill=\x22#FFF\
FFF\x22>\x0a  <path d=\
\x22M21.25 0C20.351\
563 0.128906 19.\
546875 0.546875 \
18.90625 1.1875L\
17.28125 2.78125\
L18.71875 4.2187\
5L20.3125 2.5937\
5C20.671875 2.23\
4375 21.027344 2\
.070313 21.53125\
 2L26 2L26 0 Z M\
 13.09375 2.7812\
5C12.667969 2.78\
125 12.257813 2.\
960938 11.90625 \
3.3125L9.90625 5\
.3125C9.507813 5\
.710938 9.507813\
 6.195313 9.9062\
5 6.59375L16.906\
25 13.59375C17.3\
04688 13.992188 \
17.90625 13.9921\
88 18.40625 13.5\
9375L18.90625 13\
.09375C19.207031\
 12.894531 19.40\
625 12.492188 19\
.40625 12.09375L\
18.90625 8.6875C\
18.90625 8.1875 \
18.804688 7.8046\
88 18.40625 7.40\
625L17.90625 6.9\
0625L18.40625 5.\
3125L16.3125 3.1\
875L14.6875 3.68\
75L14.3125 3.312\
5C13.960938 2.96\
0938 13.519531 2\
.78125 13.09375 \
2.78125 Z M 9 7.\
3125L2.59375 13.\
6875L7.6875 18.8\
125C8.585938 19.\
710938 10.007813\
 19.710938 10.90\
625 18.8125L15.6\
875 14 Z M 10.06\
25 11.3125C10.61\
3281 11.3125 11.\
144531 11.550781\
 11.59375 12L13.\
09375 13.5C13.39\
4531 13.800781 1\
3.394531 14.2929\
69 13.09375 14.5\
9375L10.3125 17.\
40625C9.710938 1\
8.007813 8.90625\
 18.007813 8.406\
25 17.40625L6.31\
25 15.3125C6.011\
719 15.011719 6.\
011719 14.488281\
 6.3125 14.1875L\
8.5 12C8.949219 \
11.550781 9.5117\
19 11.3125 10.06\
25 11.3125 Z M 1\
0.84375 12.875C1\
0.644531 12.875 \
10.460938 12.945\
313 10.3125 13.0\
9375C9.511719 13\
.894531 8.5 14.8\
04688 8.5 14.906\
25C10 14.304688 \
11.09375 13.9062\
5 12.09375 13.90\
625L11.40625 13.\
09375C11.257813 \
12.945313 11.042\
969 12.875 10.84\
375 12.875 Z M 2\
.125 15.0625C0.8\
125 16.253906 0 \
18.027344 0 20C0\
 22.449219 1.281\
25 24.546875 3.1\
25 25.8125L4.281\
25 24.1875C2.925\
781 23.253906 2 \
21.75 2 20C2 18.\
574219 2.582031 \
17.339844 3.4687\
5 16.53125Z\x22 fil\
l=\x22#FFFFFF\x22 />\x0a<\
/svg>\
\x00\x00\x03n\
\x00\
\x00\x0c3x\xda\xd5WMo\xdb8\x10\xfd+\x82r\
i\x00\x89\xe6\xf0\x9bE\x9cC{\xd8\x05\x9ab\x0b\xb8\
E\x81^\x16\xb6,\xb9B\x15;\x90\xd4:\xeda\x7f\
{\x1f%9\xf5\xd76\xf6f\x81\xa2\x90!\x8e8\xc3\
!\xe7\xbd\x99!|\xd5|YD\xf7\xb7\xd5\xb2\x19\xc7\
\x1f\xdb\xf6\xee\xf9h\xb4^\xaf\xd9Z\xb2U\xbd\x18\x09\
\xce\xf9\x08\x16qo\xf2\xfc\xbe*\x97\x9f\x8e\x19\x92\xf7\
~\xd4i\xe3\xe8K\x99\xaf_\xac\xee\xc71\x8fx\xa4\
\x1c~\xf1\xf5U=\x9d\x97\xd3\xea\x8f0\xe4\xcb6*\
\xe7\xe3\xf8\xfd\x87\x9a\xff}\xb3\xb8y\xf5\xe7\x9b\x8c&\
/\xf4\xf2\xcd?\xaa\x9e\xc6Q\x86\xa5Ba\xfc\xda\x8f\
\xf58&\x17GE\x98\x96\xccs\x0d\x19*2L8\
\x1fG\x8b\xc1\xe7\xbbe\xd9\x22\x88\xcfM^O\xee\xa6\
Y\xfe\xd7\xf2]\x93c\xe7\xa6]\xddE\xab\xa2h\xf2\
\x16G\x8a\xa3\xf0\x9df\xabj\x05\xbf\x17E\x91\x93\xc9\
\xe3\xd1\x9e\x193\xc2\x1fX\xce\x850\x87\x96V\xef\x1b\
\xce\xb3\xb9\x90\x87\x86\xce\x1f\xb84\xb39\xcd\x0e-\xfd\
\xa1%\x9f\x16\xd4\xf9\x1c\xed\x02y}\x95\x95uV\xe5\
\xff\x0aZYU\xc0\xa4\xae\x9e]\x1c\x87\xfb28=\
\x95\x9cYO\x8e4\xc3>\xb6\xdbG?\x99\x03\xa7\xf8\
fr\x85ee\xfb5Pp\x120G\xd7\xf2\xc7\x90\
:\x8c\xe01\xa0fg\x01\x95\xf5@\x91\xf8\xdd\x81:\
\x8c\xe01\xa0\xb2\xb3\x80\x9a\x0f\xe5.\x89Y;\x90\x22\
9S~\xd8\x8f)m6\xa5\x1fLd_\xfb0\xb1\
\x9c~\xc0\xf9\xb6\x9e.\x9bbU\xdf\x8e\xe3\xdbi[\
\x97\xf7\xcf\x88y2:\x0a-\x88\x18\x97NF\xa9\x12\
\x9c\x09\x0e\x81\x98\x94\xfe\xf2L2\x98W\xf6\xb4\xe6A\
\xc7\xcdN\x82\xfen\xda~|\x14\xe29\xce\x0e@_\
K\xc1\x8c\x12\x89\xe4\x19O8\xa2\xf2\xde$:u\xdd\
\xa4\xceR\xc3H\x1b(0!m\xaa7cC\xe8n\
6\x11Lr\x9d8fE/N\x1e\xbc%\x0f\xd2\xb7\
s\xa8\xcc7\x9d\x9bq\xaf\x87\xacqL9\xd71\x09\
\xc9\xfa\x9f\x13\xc6\xbdP\x03aD\xc6G\xa9`\x82,\
xcR\x98\xb3\xe9r\xb4_\x02Y\xe6q\x9d\x1d)\
\x96p\xc4]\xc6f\xb3\x0c-|\xbf\xd0\xb8\xf1'\x90\
=+pM\xfc\x7fd\xe7\x03\xd9B%\xb2#\xd5\x91\
\x06\xa9\x9e\x09\x012C\x98\xdb\xf2\x844\xf3B&\x12\
\x04c\x81mz\x9d\x0d\xbadK\x9e\xa0\x82\x82#\xa9\
;;}\x16\xd3\xc5\xde\x1d\xed\x99S\xb2c\xd93\xa3\
\xc5OY\xee\x08f\xd2\xea@5\x85\x5c\xbd|bW\
\xa4\x8c<\xd1)=\x90,\x1e\xf5\xdf\xa9(~\xd4\x9d\
\xb4.Av[\xe72t+\xadS\xce\xa4K\x90\xc3\
\x16\x15\x87\xb4\x05E\x0c\xbb\xe1m\x9c}\x89\xd6\xa54\
HA\xe5I\x15\xd6\x19\x8e/\xd5A\xaf\x1a0\x02-\
\xb2]\x1a\x03.Q=Hy-@6\x9cj\x8f\xb7\
B\x91\xc2\xab\x11(rnl\xef;\xed}\x93e\x9a\
\x13\x8a\x15\xb6 \x13\x83\x82W\xd1\xf9\x16\x93\xae\x97\xfa\
\x8dv\xe7\xe0\x1d\xe5\xdbw\x226\x1d\x08\x15A\x02b\
\xec\xa1\xdf_\x08\x0aOX\xb2\x05\xd5f\xb6OP\xcb\
,\xba\x06\x16{\xe9CG\x02\x1cV\x18\x1c\xd3\x87\x13\
1\xa1]/7\x9d\x9cl\xcd\xf7r\x85\x80$\xc1&\
$\xc7\xd0\xd2\xac\xd1\x00\x86\x9cN%s\xce\xf7r\xd3\
\x7f$[\x8a^\xbe\xd99\xc3~\x80P\x9e\x14\xe0b\
w\x15\x7f\x1a,$\x7f=,;g\xd8\x87\x05\xca\x93\
\x02\x1c\x01\x97\xf0_\xe0\xfa;}\xeep\xee\
\x00\x00\x03n\
\x00\
\x00\x0c3x\xda\xd5WMo\xdb8\x10\xfd+\x82r\
i\x00\x89\xe6\xf0\x9bE\x9cC{\xd8\x05\x9ab\x0b\xb8\
E\x81^\x16\xb6,\xb9B\x15;\x90\xd4:\xeda\x7f\
{\x1f%9\xf5\xd76\xf6f\x81\xa2\x90!\x8e8\xc3\
!\xe7\xbd\x99!|\xd5|YD\xf7\xb7\xd5\xb2\x19\xc7\
\x1f\xdb\xf6\xee\xf9h\xb4^\xaf\xd9Z\xb2U\xbd\x18\x09\
\xce\xf9\x08\x16qo\xf2\xfc\xbe*\x97\x9f\x8e\x19\x92\xf7\
~\xd4i\xe3\xe8K\x99\xaf_\xac\xee\xc71\x8fx\xa4\
\x1c~\xf1\xf5U=\x9d\x97\xd3\xea\x8f0\xe4\xcb6*\
\xe7\xe3\xf8\xfd\x87\x9a\xff}\xb3\xb8y\xf5\xe7\x9b\x8c&\
/\xf4\xf2\xcd?\xaa\x9e\xc6Q\x86\xa5Ba\xfc\xda\x8f\
\xf58&\x17GE\x98\x96\xccs\x0d\x19*2L8\
\x1fG\x8b\xc1\xe7\xbbe\xd9\x22\x88\xcfM^O\xee\xa6\
Y\xfe\xd7\xf2]\x93c\xe7\xa6]\xddE\xab\xa2h\xf2\
\x16G\x8a\xa3\xf0\x9df\xabj\x05\xbf\x17E\x91\x93\xc9\
\xe3\xd1\x9e\x193\xc2\x1fX\xce\x850\x87\x96V\xef\x1b\
\xce\xb3\xb9\x90\x87\x86\xce\x1f\xb84\xb39\xcd\x0e-\xfd\
\xa1%\x9f\x16\xd4\xf9\x1c\xed\x02y}\x95\x95uV\xe5\
\xff\x0aZYU\xc0\xa4\xae\x9e]\x1c\x87\xfb28=\
\x95\x9cYO\x8e4\xc3>\xb6\xdbG?\x99\x03\xa7\xf8\
fr\x85ee\xfb5Pp\x120G\xd7\xf2\xc7\x90\
:\x8c\xe01\xa0fg\x01\x95\xf5@\x91\xf8\xdd\x81:\
\x8c\xe01\xa0\xb2\xb3\x80\x9a\x0f\xe5.\x89Y;\x90\x22\
9S~\xd8\x8f)m6\xa5\x1fLd_\xfb0\xb1\
\x9c~\xc0\xf9\xb6\x9e.\x9bbU\xdf\x8e\xe3\xdbi[\
\x97\xf7\xcf\x88y2:\x0a-\x88\x18\x97NF\xa9\x12\
\x9c\x09\x0e\x81\x98\x94\xfe\xf2L2\x98W\xf6\xb4\xe6A\
\xc7\xcdN\x82\xfen\xda~|\x14\xe29\xce\x0e@_\
K\xc1\x8c\x12\x89\xe4\x19O8\xa2\xf2\xde$:u\xdd\
\xa4\xceR\xc3H\x1b(0!m\xaa7cC\xe8n\
6\x11Lr\x9d8fE/N\x1e\xbc%\x0f\xd2\xb7\
s\xa8\xcc7\x9d\x9bq\xaf\x87\xacqL9\xd71\x09\
\xc9\xfa\x9f\x13\xc6\xbdP\x03aD\xc6G\xa9`\x82,\
xcR\x98\xb3\xe9r\xb4_\x02Y\xe6q\x9d\x1d)\
\x96p\xc4]\xc6f\xb3\x0c-|\xbf\xd0\xb8\xf1'\x90\
=+pM\xfc\x7fd\xe7\x03\xd9B%\xb2#\xd5\x91\
\x06\xa9\x9e\x09\x012C\x98\xdb\xf2\x844\xf3B&\x12\
\x04c\x81mz\x9d\x0d\xbadK\x9e\xa0\x82\x82#\xa9\
;;}\x16\xd3\xc5\xde\x1d\xed\x99S\xb2c\xd93\xa3\
\xc5OY\xee\x08f\xd2\xea@5\x85\x5c\xbd|bW\
\xa4\x8c<\xd1)=\x90,\x1e\xf5\xdf\xa9(~\xd4\x9d\
\xb4.Av[\xe72t+\xadS\xce\xa4K\x90\xc3\
\x16\x15\x87\xb4\x05E\x0c\xbb\xe1m\x9c}\x89\xd6\xa54\
HA\xe5I\x15\xd6\x19\x8e/\xd5A\xaf\x1a0\x02-\
\xb2]\x1a\x03.Q=Hy-@6\x9cj\x8f\xb7\
B\x91\xc2\xab\x11(rnl\xef;\xed}\x93e\x9a\
\x13\x8a\x15\xb6 \x13\x83\x82W\xd1\xf9\x16\x93\xae\x97\xfa\
\x8dv\xe7\xe0\x1d\xe5\xdbw\x226\x1d\x08\x15A\x02b\
\xec\xa1\xdf_\x08\x0aOX\xb2\x05\xd5f\xb6OP\xcb\
,\xba\x06\x16{\xe9CG\x02\x1cV\x18\x1c\xd3\x87\x13\
1\xa1]/7\x9d\x9cl\xcd\xf7r\x85\x80$\xc1&\
$\xc7\xd0\xd2\xac\xd1\x00\x86\x9cN%s\xce\xf7r\xd3\
\x7f$[\x8a^\xbe\xd99\xc3~\x80P\x9e\x14\xe0b\
w\x15\x7f\x1a,$\x7f=,;g\xd8\x87\x05\xca\x93\
\x02\x1c\x01\x97\xf0_\xe0\xfa;}\xeep\xee\
\x00\x00\x02v\
<\
svg xmlns=\x22http:\
//www.w3.org/200\
0/svg\x22 xmlns:xli\
nk=\x22http://www.w\
3.org/1999/xlink\
\x22 viewBox=\x220 0 2\
4 24\x22 fill=\x22#FFF\
FFF\x22>\x0a  <path d=\
\x22M11.548828 2.20\
89844C11.433875 \
2.2156719 11.317\
281 2.2432188 11\
.207031 2.292968\
8C10.201031 2.74\
59687 8.5434219 \
3.7951562 8.1074\
219 5.9101562C7.\
6204219 8.274156\
3 9.1644531 10.7\
22562 11.564453 \
10.976562C13.969\
453 11.230562 16\
 9.353 16 7C16 4\
.357 13.817 3.50\
19531 13 3.50195\
31L12.4375 2.656\
25C12.2365 2.354\
 11.893688 2.188\
9219 11.548828 2\
.2089844 z M 12 \
14C8.996 14 3 15\
.508 3 18.5L3 20\
C3 20.552 3.448 \
21 4 21L20 21C20\
.552 21 21 20.55\
2 21 20L21 18.5C\
21 15.508 15.004\
 14 12 14 z\x22 fil\
l=\x22#FFFFFF\x22 />\x0a<\
/svg>\
\x00\x00\x02v\
<\
svg xmlns=\x22http:\
//www.w3.org/200\
0/svg\x22 xmlns:xli\
nk=\x22http://www.w\
3.org/1999/xlink\
\x22 viewBox=\x220 0 2\
4 24\x22 fill=\x22#FFF\
FFF\x22>\x0a  <path d=\
\x22M11.548828 2.20\
89844C11.433875 \
2.2156719 11.317\
281 2.2432188 11\
.207031 2.292968\
8C10.201031 2.74\
59687 8.5434219 \
3.7951562 8.1074\
219 5.9101562C7.\
6204219 8.274156\
3 9.1644531 10.7\
22562 11.564453 \
10.976562C13.969\
453 11.230562 16\
 9.353 16 7C16 4\
.357 13.817 3.50\
19531 13 3.50195\
31L12.4375 2.656\
25C12.2365 2.354\
 11.893688 2.188\
9219 11.548828 2\
.2089844 z M 12 \
14C8.996 14 3 15\
.508 3 18.5L3 20\
C3 20.552 3.448 \
21 4 21L20 21C20\
.552 21 21 20.55\
2 21 20L21 18.5C\
21 15.508 15.004\
 14 12 14 z\x22 fil\
l=\x22#FFFFFF\x22 />\x0a<\
/svg>\
\x00\x00\x00\xe7\
<\
svg xmlns=\x22http:\
//www.w3.org/200\
0/svg\x22 xmlns:xli\
nk=\x22http://www.w\
3.org/1999/xlink\
\x22 viewBox=\x220 0 2\
4 24\x22 fill=\x22#FFF\
FFF\x22>\x0a  <path d=\
\x22M11 3L11 11L3 1\
1L3 13L11 13L11 \
21L13 21L13 13L2\
1 13L21 11L13 11\
L13 3L11 3 z\x22 fi\
ll=\x22#FFFFFF\x22 />\x0a\
</svg>\
\x00\x00\x00\xe7\
<\
svg xmlns=\x22http:\
//www.w3.org/200\
0/svg\x22 xmlns:xli\
nk=\x22http://www.w\
3.org/1999/xlink\
\x22 viewBox=\x220 0 2\
4 24\x22 fill=\x22#FFF\
FFF\x22>\x0a  <path d=\
\x22M11 3L11 11L3 1\
1L3 13L11 13L11 \
21L13 21L13 13L2\
1 13L21 11L13 11\
L13 3L11 3 z\x22 fi\
ll=\x22#FFFFFF\x22 />\x0a\
</svg>\
"

qt_resource_name = b"\
\x00\x05\
\x00o\xa6S\
\x00i\
\x00c\x00o\x00n\x00s\
\x00\x0a\
\x09xlg\
\x00c\
\x00h\x00a\x00r\x00t\x002\x00.\x00j\x00p\x00g\
\x00\x0c\
\x05r_\x87\
\x00b\
\x00u\x00i\x00l\x00d\x00i\x00n\x00g\x00.\x00s\x00v\x00g\
\x00\x0c\
\x0fy\xbaG\
\x00m\
\x00a\x00x\x00i\x00m\x00i\x00z\x00e\x00.\x00s\x00v\x00g\
\x00\x09\
\x08\x97\x89\x07\
\x00c\
\x00h\x00a\x00r\x00t\x00.\x00s\x00v\x00g\
\x00\x0b\
\x06QI\x87\
\x00d\
\x00i\x00s\x00c\x00o\x00r\x00d\x00.\x00s\x00v\x00g\
\x00\x09\
\x0b\x9b\xb4\x07\
\x00p\
\x00o\x00u\x00c\x00h\x00.\x00s\x00v\x00g\
\x00\x10\
\x09\x19/\xc7\
\x00b\
\x00l\x00a\x00c\x00k\x00-\x00s\x00h\x00a\x00d\x00e\x00s\x00.\x00s\x00v\x00g\
\x00\x0c\
\x05\xc9\x15\xc7\
\x00d\
\x00a\x00t\x00a\x00b\x00a\x00s\x00e\x00.\x00s\x00v\x00g\
\x00\x0c\
\x0b\xdf,\xc7\
\x00s\
\x00e\x00t\x00t\x00i\x00n\x00g\x00s\x00.\x00s\x00v\x00g\
\x00\x0e\
\x0c\xde\xc0\x07\
\x00m\
\x00o\x00n\x00e\x00y\x00-\x00h\x00a\x00n\x00d\x00.\x00s\x00v\x00g\
\x00\x07\
\x0a\x9cZ\x07\
\x00c\
\x00r\x00y\x00.\x00s\x00v\x00g\
\x00\x09\
\x06\x98\x8e\xa7\
\x00c\
\x00l\x00o\x00s\x00e\x00.\x00s\x00v\x00g\
\x00\x0c\
\x0f\x88\xfaG\
\x00m\
\x00i\x00n\x00i\x00m\x00i\x00z\x00e\x00.\x00s\x00v\x00g\
\x00\x0e\
\x0d\xe2\xb9'\
\x00e\
\x00u\x00r\x00o\x00_\x00m\x00o\x00n\x00e\x00y\x00.\x00s\x00v\x00g\
\x00\x08\
\x00NU\x07\
\x00w\
\x00i\x00n\x00k\x00.\x00s\x00v\x00g\
\x00\x08\
\x06\x88TG\
\x00m\
\x00o\x00r\x00e\x00.\x00s\x00v\x00g\
\x00\x08\
\x0c/W\xc7\
\x00b\
\x00e\x00l\x00l\x00.\x00s\x00v\x00g\
\x00\x0c\
\x08\x1a\x90\xa7\
\x00d\
\x00o\x00w\x00n\x00l\x00o\x00a\x00d\x00.\x00s\x00v\x00g\
\x00\x08\
\x068W'\
\x00h\
\x00o\x00m\x00e\x00.\x00s\x00v\x00g\
\x00\x09\
\x05\xc6\xb2\xc7\
\x00m\
\x00i\x00n\x00u\x00s\x00.\x00s\x00v\x00g\
\x00\x0c\
\x09\xf2v'\
\x00g\
\x00a\x00s\x00_\x00p\x00u\x00m\x00p\x00.\x00s\x00v\x00g\
\x00\x09\
\x00(\xaeG\
\x00s\
\x00m\x00i\x00l\x00e\x00.\x00s\x00v\x00g\
\x00\x0b\
\x0c\x98n\x07\
\x00a\
\x00c\x00c\x00o\x00u\x00n\x00t\x00.\x00s\x00v\x00g\
\x00\x08\
\x03\xc6T'\
\x00p\
\x00l\x00u\x00s\x00.\x00s\x00v\x00g\
"

qt_resource_struct = b"\
\x00\x00\x00\x00\x00\x02\x00\x00\x00\x01\x00\x00\x00\x01\
\x00\x00\x00\x00\x00\x00\x00\x00\
\x00\x00\x00\x00\x00\x02\x00\x00\x00\x02\x00\x00\x00\x02\
\x00\x00\x00\x00\x00\x00\x00\x00\
\x00\x00\x00\x00\x00\x02\x00\x00\x00%\x00\x00\x00\x04\
\x00\x00\x00\x00\x00\x00\x00\x00\
\x00\x00\x00\x10\x00\x00\x00\x00\x00\x01\x00\x00\x00\x00\
\x00\x00\x01{\xe8\x1c\x83\xa0\
\x00\x00\x02N\x00\x01\x00\x00\x00\x01\x00\x01_\xdf\
\x00\x00\x01{\xe8\x1c\x83\xa0\
\x00\x00\x02N\x00\x01\x00\x00\x00\x01\x00\x01\x5cm\
\x00\x00\x01{\xe8\x1c\x83\xa0\
\x00\x00\x01\xa2\x00\x00\x00\x00\x00\x01\x00\x015\x9c\
\x00\x00\x01{\xe8\x1c\x83\xa0\
\x00\x00\x01\xa2\x00\x00\x00\x00\x00\x01\x00\x01,\x22\
\x00\x00\x01{\xe8\x1c\x83\xa0\
\x00\x00\x02\x82\x00\x00\x00\x00\x00\x01\x00\x01i0\
\x00\x00\x01{\xe8\x1c\x83\xa0\
\x00\x00\x02\x82\x00\x00\x00\x00\x00\x01\x00\x01hE\
\x00\x00\x01{\xe8\x1c\x83\xa0\
\x00\x00\x00*\x00\x00\x00\x00\x00\x01\x00\x00\x9b\xc4\
\x00\x00\x01\x99\x12,z\x1e\
\x00\x00\x02\x18\x00\x00\x00\x00\x00\x01\x00\x01N\x5c\
\x00\x00\x01{\xe8\x1c\x83\xa0\
\x00\x00\x00\xd8\x00\x00\x00\x00\x00\x01\x00\x00\xe6@\
\x00\x00\x01\x99\x1222\xae\
\x00\x00\x02\x02\x00\x00\x00\x00\x00\x01\x00\x01Lr\
\x00\x00\x01{\xe8\x1c\x83\xa0\
\x00\x00\x02\x02\x00\x00\x00\x00\x00\x01\x00\x01Mg\
\x00\x00\x01{\xe8\x1c\x83\xa0\
\x00\x00\x00~\x00\x00\x00\x00\x00\x01\x00\x00\xb1\xec\
\x00\x00\x01{\xe8\x1c\x83\xa0\
\x00\x00\x00~\x00\x00\x00\x00\x00\x01\x00\x00\xb8\x13\
\x00\x00\x01{\xe8\x1c\x83\xa0\
\x00\x00\x01\xb8\x00\x00\x00\x00\x00\x01\x00\x01?\x16\
\x00\x00\x01{\xe8\x1c\x83\xa0\
\x00\x00\x01J\x00\x00\x00\x00\x00\x01\x00\x01\x18\xdb\
\x00\x00\x01{\xe8\x1c\x83\xa0\
\x00\x00\x01\xe4\x00\x00\x00\x00\x00\x01\x00\x01F\x1d\
\x00\x00\x01\x99\x12-\x04r\
\x00\x00\x00f\x00\x00\x00\x00\x00\x01\x00\x00\xa1\xa0\
\x00\x00\x01{\xe8\x1c\x83\xa0\
\x00\x00\x00f\x00\x00\x00\x00\x00\x01\x00\x00\xa9\xc6\
\x00\x00\x01{\xe8\x1c\x83\xa0\
\x00\x00\x00\xb2\x00\x00\x00\x00\x00\x01\x00\x00\xc7\xfa\
\x00\x00\x01{\xe8\x1c\x83\xa0\
\x00\x00\x00\xb2\x00\x00\x00\x00\x00\x01\x00\x00\xd7\x1d\
\x00\x00\x01{\xe8\x1c\x83\xa0\
\x00\x00\x020\x00\x00\x00\x00\x00\x01\x00\x01O\x19\
\x00\x00\x01{\xe8\x1c\x83\xa0\
\x00\x00\x020\x00\x00\x00\x00\x00\x01\x00\x01U\xc3\
\x00\x00\x01{\xe8\x1c\x83\xa0\
\x00\x00\x016\x00\x01\x00\x00\x00\x01\x00\x01\x11$\
\x00\x00\x01{\xe8\x1c\x83\xa0\
\x00\x00\x016\x00\x01\x00\x00\x00\x01\x00\x01\x09m\
\x00\x00\x01{\xe8\x1c\x83\xa0\
\x00\x00\x00\x9a\x00\x00\x00\x00\x00\x01\x00\x00\xbe:\
\x00\x00\x01{\xe8\x1c\x83\xa0\
\x00\x00\x00\x9a\x00\x00\x00\x00\x00\x01\x00\x00\xc3\x1a\
\x00\x00\x01{\xe8\x1c\x83\xa0\
\x00\x00\x00\xf6\x00\x00\x00\x00\x00\x01\x00\x00\xea'\
\x00\x00\x01{\xe8\x1c\x83\xa0\
\x00\x00\x01\xce\x00\x00\x00\x00\x00\x01\x00\x01AA\
\x00\x00\x01{\xe8\x1c\x83\xa0\
\x00\x00\x01\xce\x00\x00\x00\x00\x00\x01\x00\x01C\xaf\
\x00\x00\x01{\xe8\x1c\x83\xa0\
\x00\x00\x02f\x00\x00\x00\x00\x00\x01\x00\x01cQ\
\x00\x00\x01{\xe8\x1c\x83\xa0\
\x00\x00\x02f\x00\x00\x00\x00\x00\x01\x00\x01e\xcb\
\x00\x00\x01{\xe8\x1c\x83\xa0\
\x00\x00\x01\x14\x00\x00\x00\x00\x00\x01\x00\x00\xee+\
\x00\x00\x01{\xe8\x1c\x83\xa0\
\x00\x00\x01\x14\x00\x00\x00\x00\x00\x01\x00\x00\xfb\xcc\
\x00\x00\x01{\xe8\x1c\x83\xa0\
\x00\x00\x01\x80\x00\x00\x00\x00\x00\x01\x00\x01$\x02\
\x00\x00\x01{\xe8\x1c\x83\xa0\
\x00\x00\x01\x80\x00\x00\x00\x00\x00\x01\x00\x01\x1b\xe2\
\x00\x00\x01{\xe8\x1c\x83\xa0\
\x00\x00\x00H\x00\x00\x00\x00\x00\x01\x00\x00\xa0\xc6\
\x00\x00\x01{\xe8\x1c\x83\xa0\
\x00\x00\x01b\x00\x00\x00\x00\x00\x01\x00\x01\x1ae\
\x00\x00\x01{\xe8\x1c\x83\xa0\
"

def qInitResources():
    QtCore.qRegisterResourceData(0x03, qt_resource_struct, qt_resource_name, qt_resource_data)

def qCleanupResources():
    QtCore.qUnregisterResourceData(0x03, qt_resource_struct, qt_resource_name, qt_resource_data)

qInitResources()
